-- phpMyAdmin SQL Dump
-- version 5.1.0
-- https://www.phpmyadmin.net/
--
-- Máy chủ: localhost
-- Thời gian đã tạo: Th5 31, 2021 lúc 08:53 AM
-- Phiên bản máy phục vụ: 10.4.18-MariaDB
-- Phiên bản PHP: 8.0.3

SET SQL_MODE = "NO_AUTO_VALUE_ON_ZERO";
START TRANSACTION;
SET time_zone = "+00:00";


/*!40101 SET @OLD_CHARACTER_SET_CLIENT=@@CHARACTER_SET_CLIENT */;
/*!40101 SET @OLD_CHARACTER_SET_RESULTS=@@CHARACTER_SET_RESULTS */;
/*!40101 SET @OLD_COLLATION_CONNECTION=@@COLLATION_CONNECTION */;
/*!40101 SET NAMES utf8mb4 */;

--
-- Cơ sở dữ liệu: `news_laravel`
--

-- --------------------------------------------------------

--
-- Cấu trúc bảng cho bảng `comment`
--

CREATE TABLE `comment` (
  `id` int(10) UNSIGNED NOT NULL,
  `idUser` int(10) UNSIGNED NOT NULL,
  `idTinTuc` int(10) UNSIGNED NOT NULL,
  `NoiDung` varchar(255) COLLATE utf8_unicode_ci NOT NULL,
  `created_at` timestamp NULL DEFAULT NULL,
  `updated_at` timestamp NULL DEFAULT NULL
) ENGINE=InnoDB DEFAULT CHARSET=utf8 COLLATE=utf8_unicode_ci;

--
-- Đang đổ dữ liệu cho bảng `comment`
--

INSERT INTO `comment` (`id`, `idUser`, `idTinTuc`, `NoiDung`, `created_at`, `updated_at`) VALUES
(1, 1, 6, 'tôi đánh giá cao người viết bài', '2021-05-24 12:50:36', '2021-05-24 12:50:36'),
(2, 1, 14, 'hay', '2021-05-24 13:31:48', '2021-05-24 13:31:48'),
(3, 1, 14, 'bài viết tuyệt vời', '2021-05-24 13:33:08', '2021-05-24 13:33:08'),
(7, 1, 15, 'thông tin hữu ích', '2021-05-24 14:29:09', '2021-05-24 14:29:09'),
(8, 6, 13, 'ngon quá', '2021-05-24 14:31:18', '2021-05-24 14:31:18'),
(9, 7, 18, 'Thông tin hữu ích', '2021-05-26 14:34:21', '2021-05-26 14:34:21'),
(10, 1, 19, 'hay quá', '2021-05-26 14:36:04', '2021-05-26 14:36:04'),
(11, 8, 19, 'tôi đánh giá cao bài viết này', '2021-05-26 15:59:14', '2021-05-26 15:59:14'),
(12, 1, 20, 'hihi', '2021-05-26 16:01:08', '2021-05-26 16:01:08'),
(13, 1, 20, 'ok', '2021-05-27 04:14:19', '2021-05-27 04:14:19'),
(14, 1, 15, 'oklalala', '2021-05-27 07:17:47', '2021-05-27 07:17:47');

-- --------------------------------------------------------

--
-- Cấu trúc bảng cho bảng `failed_jobs`
--

CREATE TABLE `failed_jobs` (
  `id` bigint(20) UNSIGNED NOT NULL,
  `connection` text COLLATE utf8mb4_unicode_ci NOT NULL,
  `queue` text COLLATE utf8mb4_unicode_ci NOT NULL,
  `payload` longtext COLLATE utf8mb4_unicode_ci NOT NULL,
  `exception` longtext COLLATE utf8mb4_unicode_ci NOT NULL,
  `failed_at` timestamp NOT NULL DEFAULT current_timestamp()
) ENGINE=InnoDB DEFAULT CHARSET=utf8mb4 COLLATE=utf8mb4_unicode_ci;

-- --------------------------------------------------------

--
-- Cấu trúc bảng cho bảng `loaitin`
--

CREATE TABLE `loaitin` (
  `id` int(10) UNSIGNED NOT NULL,
  `idTheLoai` int(10) UNSIGNED NOT NULL,
  `Ten` varchar(255) COLLATE utf8_unicode_ci NOT NULL,
  `TenKhongDau` varchar(255) COLLATE utf8_unicode_ci NOT NULL,
  `created_at` timestamp NULL DEFAULT NULL,
  `updated_at` timestamp NULL DEFAULT NULL
) ENGINE=InnoDB DEFAULT CHARSET=utf8 COLLATE=utf8_unicode_ci;

--
-- Đang đổ dữ liệu cho bảng `loaitin`
--

INSERT INTO `loaitin` (`id`, `idTheLoai`, `Ten`, `TenKhongDau`, `created_at`, `updated_at`) VALUES
(1, 1, 'Trùng Tu Nhà Thờ', 'trung-tu-nha-tho', '2021-05-24 12:20:15', '2021-05-24 12:59:49'),
(2, 1, 'Tông Đồ Cầu Nguyện', 'tong-do-cau-nguyen', '2021-05-24 12:22:33', '2021-05-24 12:22:33'),
(3, 1, 'Linh Mục', 'linh-muc', '2021-05-24 12:22:58', '2021-05-24 12:22:58'),
(4, 1, 'Đức Giáo Hoàng', 'duc-giao-hoang', '2021-05-24 12:23:04', '2021-05-24 12:23:04'),
(5, 1, 'Tín Lý', 'tin-ly', '2021-05-24 12:24:09', '2021-05-24 12:24:09'),
(6, 1, 'Văn Hóa', 'van-hoa', '2021-05-24 12:24:22', '2021-05-24 12:24:22'),
(7, 1, 'Luân Lý', 'luan-ly', '2021-05-24 12:24:29', '2021-05-24 12:24:29'),
(8, 1, 'Nghệ Thuật', 'nghe-thuat', '2021-05-24 12:24:44', '2021-05-24 12:24:44'),
(9, 1, 'Suy Tư-Cầu Nguyện', 'suy-tu-cau-nguyen', '2021-05-24 12:26:51', '2021-05-24 12:27:21'),
(10, 2, 'Covid-19', 'covid-19', '2021-05-24 12:27:11', '2021-05-24 12:27:11'),
(11, 2, 'Du Lịch', 'du-lich', '2021-05-24 12:28:01', '2021-05-24 12:28:01'),
(12, 2, 'Thời Trang', 'thoi-trang', '2021-05-24 12:28:10', '2021-05-24 12:28:47'),
(13, 2, 'Giải Trí', 'giai-tri', '2021-05-24 12:28:24', '2021-05-24 12:29:03'),
(14, 2, 'Giới Trẻ', 'gioi-tre', '2021-05-24 12:28:33', '2021-05-24 12:29:06'),
(15, 2, 'Sức Khỏe', 'suc-khoe', '2021-05-24 12:29:50', '2021-05-24 12:30:48'),
(16, 2, 'Giáo Dục', 'giao-duc', '2021-05-24 12:30:04', '2021-05-24 12:30:51'),
(17, 2, 'Bóng Đá', 'bong-da', '2021-05-24 12:30:21', '2021-05-24 12:30:53'),
(18, 2, 'Công Nghệ', 'cong-nghe', '2021-05-24 12:30:38', '2021-05-24 12:30:38'),
(19, 1, 'Giáo Lý Viên', 'giao-ly-vien', '2021-05-24 12:31:33', '2021-05-24 12:31:33'),
(20, 1, 'Giáo Hội', 'giao-hoi', '2021-05-24 12:33:09', '2021-05-24 12:33:09'),
(21, 1, 'Trợ Giúp', 'tro-giup', '2021-05-24 12:36:08', '2021-05-24 12:36:08'),
(22, 2, 'Ngôi Sao', 'ngoi-sao', '2021-05-24 12:48:02', '2021-05-24 12:48:02'),
(23, 2, 'Ẩm Thực', 'am-thuc', '2021-05-24 13:23:19', '2021-05-24 13:23:19');

-- --------------------------------------------------------

--
-- Cấu trúc bảng cho bảng `menu`
--

CREATE TABLE `menu` (
  `id` int(10) UNSIGNED NOT NULL,
  `Ten` varchar(255) NOT NULL,
  `created_at` timestamp NULL DEFAULT NULL,
  `updated_at` timestamp NULL DEFAULT NULL
) ENGINE=InnoDB DEFAULT CHARSET=utf8;

--
-- Đang đổ dữ liệu cho bảng `menu`
--

INSERT INTO `menu` (`id`, `Ten`, `created_at`, `updated_at`) VALUES
(1, 'Trang chủ', NULL, NULL),
(2, 'Công giáo', '2021-05-17 15:00:03', '2021-05-17 15:00:03'),
(4, 'Thế Giới', '2021-05-17 15:00:23', '2021-05-17 15:01:35'),
(5, 'Xem bài ngẫu nhiên', '2021-05-17 15:03:52', '2021-05-17 15:03:52'),
(6, 'Về chúng tôi', '2021-05-17 15:04:04', '2021-05-17 15:04:04');

-- --------------------------------------------------------

--
-- Cấu trúc bảng cho bảng `migrations`
--

CREATE TABLE `migrations` (
  `migration` varchar(255) COLLATE utf8_unicode_ci NOT NULL,
  `batch` int(11) NOT NULL
) ENGINE=InnoDB DEFAULT CHARSET=utf8 COLLATE=utf8_unicode_ci;

--
-- Đang đổ dữ liệu cho bảng `migrations`
--

INSERT INTO `migrations` (`migration`, `batch`) VALUES
('2014_10_12_000000_create_users_table', 1),
('2014_10_12_100000_create_password_resets_table', 1),
('2016_06_09_021546_Tao_TheLoai', 2),
('2016_06_09_021610_Tao_LoaiTin', 3),
('2016_06_09_021813_Tao_TinTuc', 4),
('2016_06_09_022526_Tao_Slide', 5),
('2016_06_09_022904_Tao_Comment', 6),
('2019_08_19_000000_create_failed_jobs_table', 7);

-- --------------------------------------------------------

--
-- Cấu trúc bảng cho bảng `password_resets`
--

CREATE TABLE `password_resets` (
  `email` varchar(255) COLLATE utf8_unicode_ci NOT NULL,
  `token` varchar(255) COLLATE utf8_unicode_ci NOT NULL,
  `created_at` timestamp NOT NULL DEFAULT current_timestamp() ON UPDATE current_timestamp()
) ENGINE=InnoDB DEFAULT CHARSET=utf8 COLLATE=utf8_unicode_ci;

-- --------------------------------------------------------

--
-- Cấu trúc bảng cho bảng `slide`
--

CREATE TABLE `slide` (
  `id` int(10) UNSIGNED NOT NULL,
  `Ten` varchar(255) COLLATE utf8_unicode_ci NOT NULL,
  `Hinh` varchar(255) COLLATE utf8_unicode_ci NOT NULL,
  `NoiDung` varchar(255) COLLATE utf8_unicode_ci NOT NULL,
  `link` varchar(255) COLLATE utf8_unicode_ci NOT NULL,
  `created_at` timestamp NULL DEFAULT NULL,
  `updated_at` timestamp NULL DEFAULT NULL
) ENGINE=InnoDB DEFAULT CHARSET=utf8 COLLATE=utf8_unicode_ci;

--
-- Đang đổ dữ liệu cho bảng `slide`
--

INSERT INTO `slide` (`id`, `Ten`, `Hinh`, `NoiDung`, `link`, `created_at`, `updated_at`) VALUES
(1, 'Gì cũng rẻ- deal 1k - mua ngay', 'RggFN_3a05e2d7b4345a0d80a074bb087dd268.jpeg', '<p>QC Shopee</p>', 'https://shopee.vn/m/deal-1k', '2021-05-24 12:52:51', '2021-05-24 12:57:28'),
(2, 'Ví điện tử ZaloPay', 'bM092_vi-zalopay-va-li-do-nen-su-dung-1024x576.jpg', '<p>Thanh toán trong 2s</p>', 'https://zalopay.vn/', '2021-05-24 12:55:59', '2021-05-24 12:58:01'),
(3, 'MoMo thanh toán tiện lợi', 'Qv7iY_images.jpeg', 'Ví điện tử số 1 Việt Nam', 'https://momo.vn/', '2021-05-24 13:01:42', '2021-05-24 13:01:42'),
(4, 'Liên hệ quảng cáo Facebook', 'Fexod_guide-to-facebook-advertising.png', '<p>Liên hệ quảng cáo Facebook</p>', 'https://www.facebook.com/hoangdy.dinh.me/', '2021-05-24 13:03:51', '2021-05-24 13:05:21');

-- --------------------------------------------------------

--
-- Cấu trúc bảng cho bảng `theloai`
--

CREATE TABLE `theloai` (
  `id` int(10) UNSIGNED NOT NULL,
  `Ten` varchar(255) COLLATE utf8_unicode_ci NOT NULL,
  `TenKhongDau` varchar(255) COLLATE utf8_unicode_ci NOT NULL,
  `created_at` timestamp NULL DEFAULT NULL,
  `updated_at` timestamp NULL DEFAULT NULL
) ENGINE=InnoDB DEFAULT CHARSET=utf8 COLLATE=utf8_unicode_ci;

--
-- Đang đổ dữ liệu cho bảng `theloai`
--

INSERT INTO `theloai` (`id`, `Ten`, `TenKhongDau`, `created_at`, `updated_at`) VALUES
(1, 'Công Giáo', 'cong-giao', '2021-05-24 12:13:31', '2021-05-24 12:13:31'),
(2, 'Thế Giới', 'the-gioi', '2021-05-24 12:13:36', '2021-05-24 12:13:36');

-- --------------------------------------------------------

--
-- Cấu trúc bảng cho bảng `tintuc`
--

CREATE TABLE `tintuc` (
  `id` int(10) UNSIGNED NOT NULL,
  `TieuDe` varchar(255) COLLATE utf8_unicode_ci NOT NULL,
  `TieuDeKhongDau` varchar(255) COLLATE utf8_unicode_ci NOT NULL,
  `TomTat` varchar(255) COLLATE utf8_unicode_ci NOT NULL,
  `TacGia` text COLLATE utf8_unicode_ci NOT NULL,
  `NoiDung` longtext COLLATE utf8_unicode_ci NOT NULL,
  `Hinh` varchar(255) COLLATE utf8_unicode_ci NOT NULL,
  `NoiBat` int(11) NOT NULL DEFAULT 0,
  `SoLuotXem` int(11) NOT NULL DEFAULT 0,
  `idLoaiTin` int(10) UNSIGNED NOT NULL,
  `created_at` timestamp NULL DEFAULT NULL,
  `updated_at` timestamp NULL DEFAULT NULL
) ENGINE=InnoDB DEFAULT CHARSET=utf8 COLLATE=utf8_unicode_ci;

--
-- Đang đổ dữ liệu cho bảng `tintuc`
--

INSERT INTO `tintuc` (`id`, `TieuDe`, `TieuDeKhongDau`, `TomTat`, `TacGia`, `NoiDung`, `Hinh`, `NoiBat`, `SoLuotXem`, `idLoaiTin`, `created_at`, `updated_at`) VALUES
(1, 'Mỗi ngày Ấn Độ có 4 linh mục chết vì Covid-19', 'moi-ngay-an-do-co-4-linh-muc-chet-vi-covid-19', 'Khi Covid-19 đang cướp đi mạng sống của khoảng 4.000 người Ấn Độ mỗi ngày thì cũng có ít nhất 120 linh mục Công giáo Ấn Độ qua đời vì Covid trong một tháng qua; trung bình 4 vị một ngày.', 'Hồng Thủy - Vatican News', '<h1>Mỗi ngày Ấn Độ có 4 linh mục chết vì Covid-19</h1>\r\n\r\n<div class=\"article__subTitle\" style=\"box-sizing: border-box; margin: 0px 0px 25px; padding: 0px 30px; -webkit-tap-highlight-color: rgba(0, 0, 0, 0); font-size: 19px; line-height: 24px; color: rgb(100, 100, 100); width: 748px; font-family: Arial, sans-serif;\">Khi Covid-19 đang cướp đi mạng sống của khoảng 4.000 người Ấn Độ mỗi ngày thì cũng có ít nhất 120 linh mục Công giáo Ấn Độ qua đời vì Covid trong một tháng qua; trung bình 4 vị một ngày.</div>\r\n\r\n<div class=\"title__separator\" style=\"box-sizing: border-box; margin: 0px 30px 25px; padding: 0px; -webkit-tap-highlight-color: rgba(0, 0, 0, 0); border-bottom: 1px solid rgb(240, 240, 240); color: rgb(55, 55, 55); font-family: Arial, sans-serif; font-size: 14px;\">&nbsp;</div>\r\n\r\n<div class=\"article__text \" style=\"box-sizing: border-box; margin: 0px 0px 25px; padding: 0px 30px; -webkit-tap-highlight-color: rgba(0, 0, 0, 0); position: relative; font-size: 16px; line-height: 28px; width: 748px; color: rgb(55, 55, 55); font-family: Arial, sans-serif;\">\r\n<p><strong>Hồng Thủy - Vatican News</strong></p>\r\n\r\n<p>Nhiều linh mục gặp nguy hiểm đến tính mạng khi thăm viếng các gia đình và cử hành phụng vụ trong Tuần Thánh năm nay, khi chính phủ nới lỏng các biện pháp nhưng đại dịch lại lan rộng.</p>\r\n\r\n<p>Cha Suresh Mathew, biên tập viên của báo “Indian Currents” do Giáo hội điều hành, đã liệt kê tên, giáo phận và dòng tu của 117 linh mục qua đời trong khoảng thời gian từ ngày 10/4 đến 14/5. Nhưng theo cha, con số này chưa đầy đủ; con số sẽ cao hơn nhiều khi cha nhận được thông tin từ 174 giáo phận của Ấn Độ về các linh mục qua đời trong làn sóng thứ hai của Covid.</p>\r\n\r\n<p>Trong số 117 linh mục qua đời vì Covid, 48 vị thuộc các dòng tu, trong đó dòng Tên nhiều nhất với 19 vị.</p>\r\n\r\n<p>Theo cha Suresh, với khoảng 30.000 linh mục trên toàn quốc, mất đi 4 vị mỗi ngày thật là điều đáng lo ngại cho Giáo hội Ấn Độ.</p>\r\n\r\n<p><strong>Nâng đỡ tinh thần cho các linh mục tu sĩ</strong></p>\r\n\r\n<p>Đức cha Gerald Almeida của giáo phận Jabalpur ở bang Madhya Pradesh cho biết, “nhiều linh mục chết vì không được chăm sóc y tế kịp thời. Đó là một tình huống khủng khiếp.” Ngài chia sẻ thêm: “Tôi rất sốc khi biết rằng rất nhiều linh mục đã chết khi các linh mục và ơn gọi linh mục rất khan hiếm trong nước.”</p>\r\n\r\n<p>Đức cha cũng an ủi các linh mục và tu sĩ đang sợ hãi khi đứng trước cái chết vì đại dịch. Ngài bảo đảm rằng họ không đơn độc nhưng mọi người luôn ở cùng họ. Ngài nói rằng cần củng cố sức khỏe tinh thần cách tích cực để vượt qua đại nạn này.</p>\r\n\r\n<p>Đức Giám mục Giáo phận Jabalpur đã thiết lập một trung tâm cách ly đặc biệt dành cho các linh mục và nữ tu để đảm bảo việc điều trị của họ và xây dựng lòng tin cho họ. Ít nhất 26 nữ tu và 14 linh mục đang phải điều trị trong trung tâm cách ly, nơi có 4 y tá túc trực để chăm sóc họ. Một bác sĩ thăm họ hàng ngày.</p>\r\n\r\n<p>Tất cả các linh mục và nữ tu được hướng dẫn báo cáo ngay lập tức nếu họ bị sốt nhẹ hoặc đau đầu hoặc bất kỳ vấn đề sức khỏe nào khác. Những người được phát hiện dương tính với Covid-19 được chuyển đến trung tâm cách ly, nơi được trang bị các phương tiện y tế cơ bản và ôxy.</p>\r\n\r\n<p>Giáo phận Jabalpur chỉ chuyển những bệnh nhân nguy kịch đến các bệnh viện chuyên khoa. Còn những người khác được chăm sóc tại trung tâm cách ly cho đến khi bình phục. (Ucanews 16/05/2021)</p>\r\n</div>', '4q1cH_cq5dam.thumbnail.cropped.750.422.png', 1, 0, 3, '2021-05-24 12:34:21', '2021-05-24 13:00:12'),
(2, 'Giáo hội Hungary chuẩn bị giai đoạn cuối cho Đại hội Thánh Thể', 'giao-hoi-hungary-chuan-bi-giai-doan-cuoi-cho-dai-hoi-thanh-the', 'Giáo hội Hungary đang hoàn tất những công việc chuẩn bị sau cùng cho Đại hội Thánh Thể sẽ diễn ra tại Budapest từ ngày 05 đến 12/9/2021.', 'Ngọc Yến - Vatican News', '<h1>Giáo hội Hungary chuẩn bị giai đoạn cuối cho Đại hội Thánh Thể</h1>\r\n\r\n<div class=\"article__subTitle\" style=\"box-sizing: border-box; margin: 0px 0px 25px; padding: 0px 30px; -webkit-tap-highlight-color: rgba(0, 0, 0, 0); font-size: 19px; line-height: 24px; color: rgb(100, 100, 100); width: 748px;\">Giáo hội Hungary đang hoàn tất những công việc chuẩn bị sau cùng cho Đại hội Thánh Thể sẽ diễn ra tại Budapest từ ngày 05 đến 12/9/2021.</div>\r\n\r\n<div class=\"title__separator\" style=\"box-sizing: border-box; margin: 0px 30px 25px; padding: 0px; -webkit-tap-highlight-color: rgba(0, 0, 0, 0); border-bottom: 1px solid rgb(240, 240, 240);\">&nbsp;</div>\r\n\r\n<div class=\"article__text \" style=\"box-sizing: border-box; margin: 0px 0px 25px; padding: 0px 30px; -webkit-tap-highlight-color: rgba(0, 0, 0, 0); position: relative; font-size: 16px; line-height: 28px; width: 748px;\">\r\n<p><strong>Ngọc Yến - Vatican News</strong></p>\r\n\r\n<p>Lẽ ra&nbsp;<a href=\"https://www.vaticannews.va/vi/church/news/2021-03/giao-hoi-hungary-vui-dtc-tham-dai-hoi-thanh-the.html\" style=\"box-sizing: border-box; margin: 0px; padding: 0px; -webkit-tap-highlight-color: rgba(0, 0, 0, 0); background-color: transparent; text-decoration-line: none; color: rgb(204, 0, 0);\">Đại hội Thánh Thể Quốc tế lần thứ 52</a>&nbsp;đã diễn ra trong năm 2020, nhưng do đại dịch&nbsp;nên được dời lại đến tháng 9/2021. Đại hội có chủ đề là&nbsp;“Mọi&nbsp;nguồn mạch của&nbsp;con&nbsp;ở nơi&nbsp;Người” (x.&nbsp;Tv 87,7).&nbsp;Ban tổ chức cho biết Đức Thánh Cha cũng sẽ tham dự Đại hội, qua việc cử hành Thánh lễ vào ngày 12/5 tại quảng trường Anh Hùng.</p>\r\n\r\n<p>Đại hội Thánh Thể sẽ khai mạc vào ngày 5/9 với Thánh lễ trọng thể tại quảng trường Anh Hùng. Sau đó từ ngày 6 đến&nbsp;10/9, tại&nbsp;các địa điểm chính sẽ có các sự kiện khác như Thánh lễ, chia sẻ chứng tá, hội thảo. Ngoài ra, chương trình của Đại hội Thánh Thể còn có các buổi học hỏi giáo lý, triển lãm và các sự kiện văn hóa, cũng như một cuộc gặp gỡ dành cho giới trẻ.</p>\r\n\r\n<p>Tại Đại hội, dự kiến&nbsp;sẽ&nbsp;có sự hiện diện của Đức Hồng y Andrew Yeom Soo-jung, Tổng Giám mục Seoul, Hàn Quốc; Đức Hồng y Orani João Tempesta, Tổng Giám mục Rio de Janeiro; Đức Hồng y Louis Raphael Sako, Thượng phụ Công giáo Canđê, Iraq; Đức Tổng Giám mục Piero Marini, Chủ tịch Ủy ban Tòa Thánh về các Đại hội Thánh Thể Quốc tế.</p>\r\n\r\n<p>Vào ngày 11/9, tại quảng trường Kossuth, Đức Hồng y Péter Erdő, Tổng Giám mục Esztergom-Budapest, sẽ cử hành Thánh lễ, tiếp theo đó là cuộc rước kiệu với những ngọn đuốc đến quảng trường Anh Hùng, nơi Đức Thánh Cha sẽ chủ sự Thánh lễ&nbsp;ngày hôm sau.</p>\r\n\r\n<p>Trong buổi tiếp kiến các tham dự viên khóa họp toàn thể của Ủy ban Tòa Thánh về các Đại hội Thánh Thể, năm 2018, Đức Thánh Cha nhấn mạnh ba ý nghĩa đặc biệt của các Đại hội Thánh Thể trong bối xã hội tân tiến, bị tục hóa và cần được tái truyền giảng Tin Mừng, đó là: tăng cường tình hiệp thông với Chúa Kitô Thánh Thể, sống trong Chúa và cùng với Chúa trong bác ái và trong sứ vụ.&nbsp;(CSR_3627_2021)</p>\r\n\r\n<div>&nbsp;</div>\r\n</div>\r\n\r\n<div class=\"article_banner\" id=\"banner-donazioni\" style=\"box-sizing: border-box; margin: 0px; padding: 0px; -webkit-tap-highlight-color: rgba(0, 0, 0, 0); position: relative; box-shadow: rgba(0, 0, 0, 0.1) 0px 0px 6px 0px; transition: transform 222ms ease 0s, box-shadow 222ms ease 0s; will-change: transform, box-shadow;\">&nbsp;</div>', 'EmNbW_cq5dam.thumbnail.cropped.750.422.jpeg', 0, 0, 20, '2021-05-24 12:35:24', '2021-05-24 12:35:24'),
(3, 'Giáo hội Tây Ban Nha kêu gọi hỗ trợ khẩn cấp cho người di cư', 'giao-hoi-tay-ban-nha-keu-goi-ho-tro-khan-cap-cho-nguoi-di-cu', 'Giáo hội Tây Ban Nha kêu gọi hỗ trợ khẩn cấp cho người di cư', 'Ngọc Yến - Vatican News', '<h1>Giáo hội Tây Ban Nha kêu gọi hỗ trợ khẩn cấp cho người di cư</h1>\r\n\r\n<div class=\"article__subTitle\" style=\"box-sizing: border-box; margin: 0px 0px 25px; padding: 0px 30px; -webkit-tap-highlight-color: rgba(0, 0, 0, 0); font-size: 19px; line-height: 24px; color: rgb(100, 100, 100); width: 748px; font-family: Arial, sans-serif;\">Giáo hội Tây Ban Nha bày tỏ lo ngại về cuộc khủng hoảng di cư đang diễn ra trong những ngày này tại thành phố Ceuta, Tây Ban Nha, khẳng định “các quốc gia không thể sử dụng sự tuyệt vọng, nghèo khổ của các gia đình và trẻ vị thành niên, cũng như khát vọng chính đáng của họ cho mục đích chính trị”.</div>\r\n\r\n<div class=\"title__separator\" style=\"box-sizing: border-box; margin: 0px 30px 25px; padding: 0px; -webkit-tap-highlight-color: rgba(0, 0, 0, 0); border-bottom: 1px solid rgb(240, 240, 240); color: rgb(55, 55, 55); font-family: Arial, sans-serif; font-size: 14px;\">&nbsp;</div>\r\n\r\n<div class=\"article__text \" style=\"box-sizing: border-box; margin: 0px 0px 25px; padding: 0px 30px; -webkit-tap-highlight-color: rgba(0, 0, 0, 0); position: relative; font-size: 16px; line-height: 28px; width: 748px; color: rgb(55, 55, 55); font-family: Arial, sans-serif;\">\r\n<p><strong>Ngọc Yến - Vatican News</strong></p>\r\n\r\n<p>Ceuta là một thành phố tự trị của Tây Ban Nha, nằm bên bờ biển Bắc Phi và có đường biên giới dài 6,4 km với Moroc. Thành phố này ngăn cách với Moroc bằng hàng rào biên giới cao tới 10 mét. Người di cư chọn vượt biên bằng đường biển để có thể đặt chân lên lãnh thổ châu Âu. Tại đây, từ thứ Hai 17/5 có hơn 8.000 người từ Maroc vượt biển đến.</p>\r\n\r\n<p>Trước tình hình nhập cư trái phép của số đông này, ông Margaritis Schinas, Phó chủ tịch Ủy ban châu Âu nói: “Châu Âu sẽ không cho phép bất cứ ai đe dọa, không để những người khai thác di cư đe dọa”. Thủ tướng Tây Ban Nha Pedro Sánchez, người có kinh nghiệm trong vùng đất này thì nói đây là “một cuộc khủng hoảng nghiêm trọng cho Tây Ban Nha và châu Âu”. Thực tế, cuộc khủng hoảng ở Ceuta là cuộc khủng hoảng chưa từng có. Chưa bao giờ Tây Ban Nha phải quản lý một số lớn người di cư như vậy, tất cả họ đều đến cùng một lúc trên một lãnh thổ không quá 85 ngàn cư dân.</p>\r\n\r\n<p>Trong một lưu ý được phổ biến trong những ngày vừa qua, các Giám mục Tây Ban Nha bày tỏ lo ngại về tình hình khẩn cấp này và khẳng định rằng “các quốc gia không thể sử dụng sự tuyệt vọng, nghèo khổ của các gia đình và trẻ vị thành niên, cũng như khát vọng chính đáng của họ cho mục đích chính trị”. Các vị mục tử tái khẳng định tình liên đới với các giáo phận có nhiều người nhập cư, đồng thời mời gọi tất cả mọi người “duy trì sự chung sống hòa bình và thực hiện chính sách tốt nhất để phục vụ công ích”.</p>\r\n\r\n<p>Cha Camillo Ripamonti, chủ tịch&nbsp;<a href=\"https://www.vaticannews.va/vi/pope/news/2020-05/dtc-phanxico-trung-tam-astalli-dong-ten-giup-nguoi-ti-nan.html\" style=\"box-sizing: border-box; margin: 0px; padding: 0px; -webkit-tap-highlight-color: rgba(0, 0, 0, 0); background-color: transparent; text-decoration-line: none; color: rgb(204, 0, 0);\">Trung tâm Astalli</a>, Cơ quan Cứu trợ dòng Tên dành cho người tị nạn, nhận định rằng, một tình huống khẩn cấp thực sự đang diễn ra tại đây, cộng đồng quốc tế và châu Âu phải chung tay giải quyết vấn đề này. Theo cha,&nbsp;cần phải có một cách tiếp cận mới, cần phải thay đổi quan điểm một cách triệt để. Đó là cách nhập cảnh hợp pháp thông qua các kênh tái định cư và nhân đạo, được kích hoạt với sự phân bổ công bằng người di cư giữa tất cả các quốc gia của Liên minh, với một cơ chế bắt buộc mỗi quốc gia phải cam kết thi hành phận vụ của mình.</p>\r\n</div>', 'DfTBM_cq5dam.thumbnail.cropped.750.422 (1).jpeg', 0, 0, 21, '2021-05-24 12:37:10', '2021-05-24 13:53:54'),
(4, 'Đức tân giám mục Hồng Kông đặt ưu tiên về giới trẻ và tự do tôn giáo', 'duc-tan-giam-muc-hong-kong-dat-uu-tien-ve-gioi-tre-va-tu-do-ton-giao', 'Đức tân giám mục Hồng Kông đặt ưu tiên về giới trẻ và tự do tôn giáo', 'Hồng Thủy - Vatican News', '<h1>Đức tân giám mục Hồng Kông đặt ưu tiên về giới trẻ và tự do tôn giáo</h1>\r\n\r\n<div class=\"article__subTitle\" style=\"box-sizing: border-box; margin: 0px 0px 25px; padding: 0px 30px; -webkit-tap-highlight-color: rgba(0, 0, 0, 0); font-size: 19px; line-height: 24px; color: rgb(100, 100, 100); width: 748px; font-family: Arial, sans-serif;\">Trong cuộc họp báo đầu tiên trong tư cách là tân giám mục giáo phận Hồng Kông, Đức cha Stephanô Chu Thủ Nhân nhấn mạnh rằng các ưu tiên của ngài sẽ là xây dựng lại mối quan hệ giữa giáo phận và những người trẻ, và bảo vệ tự do tôn giáo.</div>\r\n\r\n<div class=\"title__separator\" style=\"box-sizing: border-box; margin: 0px 30px 25px; padding: 0px; -webkit-tap-highlight-color: rgba(0, 0, 0, 0); border-bottom: 1px solid rgb(240, 240, 240); color: rgb(55, 55, 55); font-family: Arial, sans-serif; font-size: 14px;\">&nbsp;</div>\r\n\r\n<div class=\"article__text \" style=\"box-sizing: border-box; margin: 0px 0px 25px; padding: 0px 30px; -webkit-tap-highlight-color: rgba(0, 0, 0, 0); position: relative; font-size: 16px; line-height: 28px; width: 748px; color: rgb(55, 55, 55); font-family: Arial, sans-serif;\">\r\n<p><strong>Hồng Thủy - Vatican News</strong></p>\r\n\r\n<p>Trong những năm vừa qua, nhiều người trẻ Hồng&nbsp;Kông đã tham gia vào phong trào dân chủ. Điều này đã bị Bắc Kinh đáp trả bằng sự đàn áp với&nbsp;luật an ninh quốc gia, việc bắt giữ và kết án một số nhà lãnh đạo dân chủ Công giáo. Nhiều người trẻ hy vọng rằng Giáo hội Hồng Kông và Vatican sẽ ở bên cạnh họ. Tuy nhiên, cộng&nbsp;đoàn&nbsp;Công giáo trong khu vực bị chia rẽ giữa những nhà hoạt động vì dân chủ và những người phục tùng quyền lực tối cao của Bắc Kinh. Tình trạng này đã khiến nhiều người xa cách với các cộng&nbsp;đoàn&nbsp;Kitô giáo.</p>\r\n\r\n<p>Theo Đức cha Chu Thủ Nhân, những người trẻ là một trong những nhóm bị lãng quên nhất trong xã hội. Ngài nói rằng không cần phải đồng ý với họ nhưng chúng ta phải hiểu và cảm nhận với họ. Ngài nói thêm rằng sự đồng cảm này “sẽ mang chúng ta trở lại với nhau.”</p>\r\n\r\n<p><strong>Hiệp nhất</strong></p>\r\n\r\n<p>Trả lời câu hỏi về việc ngài sẽ làm thế nào để mang lại sự thống nhất trong cộng&nbsp;đoàn&nbsp;Giáo hội, vốn đã bị phân cực mạnh trong thời gian gần đây, ngài nói rằng vì mới được bổ nhiệm nên ngài không có kế hoạch lớn. Ngài nói thêm: “Nhưng tôi tin rằng có một Thiên Chúa muốn chúng ta&nbsp;hiệp nhất&nbsp;với nhau. Sự&nbsp;hiệp&nbsp;nhất không giống như sự đồng nhất. Tôi luôn đề cập trong các trường học của&nbsp;chúng tôi, chúng ta phải tôn trọng sự&nbsp;hiệp&nbsp;nhất trong đa&nbsp;dạng. Đó là điều mà chúng ta phải học cách tôn trọng - sự đa dạng.”</p>\r\n\r\n<p><strong>Quyền tự do tôn giáo</strong></p>\r\n\r\n<p>Bên cạnh đó, Đức tân giám mục của Hồng Kông cho biết ngài sẽ tiếp tục bảo vệ quyền tự do tôn giáo trong lãnh thổ. Ngài khẳng định: “Tự do tôn giáo là một quyền cơ bản của con người. Chúng tôi muốn ghi nhớ điều đó trong các cuộc đối thoại với chính phủ, để nó không bị lãng quên. Điều quan trọng là phải cho phép tự do tôn giáo, các vấn đề về đức tin - không chỉ Công giáo mà bất kỳ tôn giáo nào cũng phải được tự do.” (Asia News 18/05/2021)</p>\r\n</div>', 'thmMY_cq5dam.thumbnail.cropped.750.422 (2).jpeg', 1, 0, 3, '2021-05-24 12:38:14', '2021-05-28 03:04:56'),
(5, 'ĐTC Phanxicô thăm trụ sở Vatican News và báo Quan sát viên Roma', 'dtc-phanxico-tham-tru-so-vatican-news-va-bao-quan-sat-vien-roma', 'ĐTC Phanxicô thăm trụ sở Vatican News và báo Quan sát viên Roma', 'Văn Yên, SJ - Vatican News', '<h1>ĐTC Phanxicô thăm trụ sở Vatican News và báo Quan sát viên Roma</h1>\r\n\r\n<div class=\"article__subTitle\" style=\"box-sizing: border-box; margin: 0px 0px 25px; padding: 0px 30px; -webkit-tap-highlight-color: rgba(0, 0, 0, 0); font-size: 19px; line-height: 24px; color: rgb(100, 100, 100); width: 748px; font-family: Arial, sans-serif;\">Sáng thứ Hai 24/05, ĐTC Phanxicô đã đến thăm trụ sở Radio Vatican – Vatican News tại Palazzo Pio, cách Đền thờ thánh Phêrô gần 1km, nhân dịp Báo Quan sát viên Roma mừng 160 năm thành lập và Radio Vatican 90 năm thành lập.</div>\r\n\r\n<div class=\"title__separator\" style=\"box-sizing: border-box; margin: 0px 30px 25px; padding: 0px; -webkit-tap-highlight-color: rgba(0, 0, 0, 0); border-bottom: 1px solid rgb(240, 240, 240); color: rgb(55, 55, 55); font-family: Arial, sans-serif; font-size: 14px;\">&nbsp;</div>\r\n\r\n<div class=\"article__text \" style=\"box-sizing: border-box; margin: 0px 0px 25px; padding: 0px 30px; -webkit-tap-highlight-color: rgba(0, 0, 0, 0); position: relative; font-size: 16px; line-height: 28px; width: 748px; color: rgb(55, 55, 55); font-family: Arial, sans-serif;\">\r\n<p><strong>Văn Yên, SJ - Vatican News</strong></p>\r\n\r\n<p>Đức Thánh Cha đã cùng cầu nguyện với một số nhân viên tại nhà nguyện, thăm một số văn phòng, chào các ban ngôn ngữ tại các hành lang của toà nhà và cuối cùng ngài gặp một số đại diện các ban ngôn ngữ tại hội trường chính.</p>\r\n\r\n<p>Tại phòng quay của Vatican News, Đức Thánh Cha đã nói với nhân viên Radio Vatican-Vatican News và Báo quan sát viên Roma rằng: ngài bận tâm một điều, giữa nhiều bận tâm khác cho Radio và Báo Quan sát viên Roma, đó là: có bao nhiêu người nghe Radio và đọc báo Quan sát viên Roma. Bởi vì anh chị em làm việc vất vả, công phu và được chuyển dịch ra nhiều ngôn ngữ. Vì vậy, cần đặt câu hỏi mỗi ngày: chúng ta đến được với bao nhiêu người? Sứ điệp của Chúa Giêsu đến được với bao nhiêu người? Đây là điều hết sức quan trọng.</p>\r\n\r\n<p>Sau khi thăm quan văn phòng kỹ thuật, nơi sản xuất video và hình ảnh, Đức Thánh Cha đến hội trường chính của Vatican News, nơi thường diễn ra các buổi họp báo, và gặp đại diện các ban ngôn ngữ. Tại đây, sau lời chào của Bộ trưởng Bộ Truyền Thông, ông Paolo Ruffini, Đức Thánh Cha đã có một vài lời với những người hiện diện. Ngài nói: “tôi đã thăm quan và thấy toà nhà được sắp xếp rất hệ thống. Tôi rất thích điều này. Điều quan trọng là tất cả những điều tốt đẹp này vận hành.” Tuy nhiên, Đức Thánh Cha cũng nhắc mọi người hãy để ý, vì với một hệ thống lớn và phức tạp như thế này, có thể xảy ra tình trạng duy chức năng. Ngài lấy ví dụ: tôi là thư ký của một bộ phận, nơi đó tôi làm trưởng, dưới tôi có 7 phó thư ký. Khi một ai đó gặp vấn đề, chạy đến phó thư ký để được giải quyết thì được trả lời: “đợi chút, tôi sẽ trả lời.” Rồi phó thư ký gọi cho thư ký, nghĩa là họ không làm được gì, không có khả năng quyết định. Duy chức năng sẽ giết chết. Vì vậy, Đức Thánh Cha kết luận: không quan trọng có bao nhiêu vị trí, nơi này đẹp hay không đẹp, nhưng điều quan trọng là nó vận hành, chứ không duy chức năng. Điều quan trọng là cần có sự sáng tạo. Cấu trúc phải giúp cho mỗi người có đủ tự do để thực hiện chức năng của mình. Cho họ có khả năng mạo hiểm chứ không phải lúc nào cũng xin phép, xin phép. Điều này làm tê liệt.</p>\r\n\r\n<p>Đức Thánh Cha đã kết thúc buổi nói chuyện, chào mọi người và lên xe trở lại Vatican sau khoảng 1 giờ thăm trụ sở.</p>\r\n\r\n<p>Đây là lần đầu tiên ĐTC Phanxicô thăm trụ sở của Vatican News, cũng là trụ sở mới của báo Quan sát viên Roma. Từ tháng 11 năm ngoái, trong tiến trình cải tổ Bộ Truyền Thông của Toà Thánh và tổ chức lại nơi chốn, báo Quan sát viên Roma đã chuyển trụ sở từ trong nội thành Vatican đến toà nhà Palazzo Pio, bên ngoài thành Vatican.</p>\r\n\r\n<p>Năm nay, ngoài dịp kỷ niệm chung 90 năm thành lập, Vatican News cũng mừng tròn số năm của một số Ban ngôn ngữ, trong đó Ban Việt Ngữ mừng 40 năm lần đầu tiên ngôn ngữ tiếng Việt được phát chính thức tại Radio Vatican ngày 1/1/1981.</p>\r\n</div>', 'WkfeI_cq5dam.thumbnail.cropped.1000.563.jpeg', 0, 0, 4, '2021-05-24 12:39:57', '2021-05-24 12:39:57'),
(6, 'Marathon cầu nguyện - Chuỗi Mân Côi tháng 5: danh sách đền thánh và ý chỉ cầu nguyện', 'marathon-cau-nguyen-chuoi-man-coi-thang-5-danh-sach-den-thanh-va-y-chi-cau-nguyen', 'Hội đồng Tòa thánh tái Truyền giảng Tin Mừng được Đức Thánh Cha giao phó tổ chức sự kiện, cho biết “mỗi ngày trong tháng Năm sẽ có ý chỉ cầu nguyện cho mọi thành phần dân chúng đang bị ảnh hưởng bởi đại dịch”.', 'Vatican News Tiếng Việt', '<h1>Marathon cầu nguyện - Chuỗi Mân Côi tháng 5: danh sách đền thánh và ý chỉ cầu nguyện</h1>\r\n\r\n<div class=\"article__subTitle\" style=\"box-sizing: border-box; margin: 0px 0px 25px; padding: 0px 30px; -webkit-tap-highlight-color: rgba(0, 0, 0, 0); font-size: 19px; line-height: 24px; color: rgb(100, 100, 100); width: 748px;\">Hội đồng Tòa thánh tái Truyền giảng Tin Mừng được Đức Thánh Cha giao phó tổ chức sự kiện, cho biết “mỗi ngày trong tháng Năm sẽ có ý chỉ cầu nguyện cho mọi thành phần dân chúng đang bị ảnh hưởng bởi đại dịch”.</div>\r\n\r\n<div class=\"title__separator\" style=\"box-sizing: border-box; margin: 0px 30px 25px; padding: 0px; -webkit-tap-highlight-color: rgba(0, 0, 0, 0); border-bottom: 1px solid rgb(240, 240, 240);\">&nbsp;</div>\r\n\r\n<div class=\"article__text \" style=\"box-sizing: border-box; margin: 0px 0px 25px; padding: 0px 30px; -webkit-tap-highlight-color: rgba(0, 0, 0, 0); position: relative; font-size: 16px; line-height: 28px; width: 748px;\">\r\n<p><em><strong>Vatican News Tiếng Việt</strong></em></p>\r\n\r\n<p>Mỗi đền thánh trên thế giới được mời gọi cầu nguyện theo cách thức, ngôn ngữ, truyền thống địa phương, để khẩn xin sự phục hồi đời sống xã hội, công việc và nhiều hoạt động của con người bị đình chỉ do đại dịch. Vì vậy, các đền thánh được mời gọi thúc đẩy sự tham gia đông đảo của các tín hữu, để tất cả mọi người có thể dành thời gian cho việc cầu nguyện. Mọi người được mời gọi cầu nguyện với kinh Mân Côi ở khắp mọi nơi: ở nhà, trong xe, trên đường phố.</p>\r\n\r\n<p>Lúc 6 giờ chiều ngày 1/5/2021 theo giờ Roma,&nbsp;<a href=\"https://www.vaticannews.va/vi/pope/news/2021-05/dtc-phanxico-marathon-cau-nguyen-kinh-man-coi-dai-dich.html\" style=\"box-sizing: border-box; margin: 0px; padding: 0px; -webkit-tap-highlight-color: rgba(0, 0, 0, 0); background-color: transparent; text-decoration-line: none; color: rgb(204, 0, 0);\">Đức Thánh Cha Phanxicô đã chủ sự giờ lần hạt Mân Côi tại đền thờ thánh Phê-rô</a>, khai mạc “Marathon cầu nguyện” với kinh Mân Côi.</p>\r\n\r\n<p>Các buổi đọc kinh sẽ được phát trực tiếp lúc 6pm hằng ngày theo giờ Roma, tại kênh&nbsp;<a href=\"https://www.youtube.com/vaticannews\" rel=\"external nofollow\" style=\"box-sizing: border-box; margin: 0px; padding: 0px; -webkit-tap-highlight-color: rgba(0, 0, 0, 0); background-color: transparent; text-decoration-line: none; color: rgb(204, 0, 0);\" target=\"_blank\">Youtube Vatican News</a></p>\r\n\r\n<p><strong>Các múi giờ truyền hình trực tiếp:</strong></p>\r\n\r\n<p>- 09:00 – California, Vancouver<br />\r\n- 12:00 – New York, Toronto<br />\r\n- 17:00 – Anh và Ireland<br />\r\n- 18:00 – Roma, Paris, Berlin&nbsp;<br />\r\n- 23:00 – Việt Nam<br />\r\n- 01:00 (+1) - Seoul, Tokyo<br />\r\n- 02:00 (+1) - Sydney</p>\r\n\r\n<p>&nbsp;</p>\r\n\r\n<table border=\"1\" cellpadding=\"0\" cellspacing=\"0\" style=\"-webkit-tap-highlight-color:rgba(0, 0, 0, 0); margin:0px; padding:0px; width:576px\">\r\n	<tbody>\r\n		<tr>\r\n			<td>\r\n			<p style=\"text-align:center\"><strong>Ngày</strong></p>\r\n			</td>\r\n			<td>\r\n			<p style=\"text-align:center\"><strong>Đền Thánh</strong></p>\r\n			</td>\r\n			<td>\r\n			<p style=\"text-align:center\"><strong>Ý Chỉ Cầu Nguyện Hằng Ngày</strong></p>\r\n			</td>\r\n			<td>\r\n			<p style=\"text-align:center\"><strong>Trực tiếp</strong><br />\r\n			<em>(6:00pm giờ Roma)</em></p>\r\n			</td>\r\n		</tr>\r\n		<tr>\r\n			<td>&nbsp;</td>\r\n			<td>\r\n			<p><a href=\"https://www.vaticannews.va/vi/pope/news/2021-05/dtc-phanxico-marathon-cau-nguyen-kinh-man-coi-dai-dich.html\" style=\"box-sizing: border-box; margin: 0px; padding: 0px; -webkit-tap-highlight-color: rgba(0, 0, 0, 0); background-color: transparent; text-decoration-line: none; color: rgb(204, 0, 0);\">Vương cung thánh đường Thánh Phêrô</a></p>\r\n			</td>\r\n			<td>\r\n			<p>Cầu nguyện cho toàn thế giới bị tổn thương vì đại dịch.</p>\r\n			</td>\r\n			<td>\r\n			<p style=\"text-align:center\"><a href=\"https://youtu.be/SCR5Zhrj21w\" rel=\"external nofollow\" style=\"box-sizing: border-box; margin: 0px; padding: 0px; -webkit-tap-highlight-color: rgba(0, 0, 0, 0); background-color: transparent; text-decoration-line: none; color: rgb(204, 0, 0);\" target=\"_blank\">Video</a></p>\r\n			</td>\r\n		</tr>\r\n		<tr>\r\n			<td>\r\n			<p style=\"text-align:center\">1</p>\r\n			</td>\r\n			<td>\r\n			<p>Đền thánh Đức Mẹ Walsingham (Anh)</p>\r\n			</td>\r\n			<td>\r\n			<p>Cầu nguyện cho những người đã qua đời.</p>\r\n			</td>\r\n			<td>\r\n			<p style=\"text-align:center\">&nbsp;</p>\r\n			</td>\r\n		</tr>\r\n		<tr>\r\n			<td>\r\n			<p style=\"text-align:center\">2</p>\r\n			</td>\r\n			<td>\r\n			<p>Đền thánh Chúa Giêsu Cứu Thế và Đức Mẹ Maria (Nigeria)</p>\r\n			</td>\r\n			<td>\r\n			<p>Cầu nguyện cho những ai không thể nói lời từ biệt với người thân yêu đã qua đời.</p>\r\n			</td>\r\n			<td>\r\n			<p style=\"text-align:center\"><a href=\"https://youtu.be/lWeDUKgIMLM\" rel=\"external nofollow\" style=\"box-sizing: border-box; margin: 0px; padding: 0px; -webkit-tap-highlight-color: rgba(0, 0, 0, 0); background-color: transparent; text-decoration-line: none; color: rgb(204, 0, 0);\" target=\"_blank\">Video</a></p>\r\n			</td>\r\n		</tr>\r\n		<tr>\r\n			<td>\r\n			<p style=\"text-align:center\">3</p>\r\n			</td>\r\n			<td>\r\n			<p>Đền thánh Đức Mẹ Częstochowa (Ba Lan)</p>\r\n			</td>\r\n			<td>\r\n			<p>Cầu nguyện cho những ai bị nhiễm virus corona và tất cả bệnh nhân.</p>\r\n			</td>\r\n			<td>\r\n			<p style=\"text-align:center\"><a href=\"https://youtu.be/XVWkORwd3y0\" rel=\"external nofollow\" style=\"box-sizing: border-box; margin: 0px; padding: 0px; -webkit-tap-highlight-color: rgba(0, 0, 0, 0); background-color: transparent; text-decoration-line: none; color: rgb(204, 0, 0);\" target=\"_blank\">Video</a></p>\r\n			</td>\r\n		</tr>\r\n		<tr>\r\n			<td>\r\n			<p style=\"text-align:center\">4</p>\r\n			</td>\r\n			<td>\r\n			<p>Vương cung thánh đường Truyền Tin (Israel)</p>\r\n			</td>\r\n			<td>\r\n			<p>Cầu nguyện cho những phụ nữ mang thai và những thai nhi.</p>\r\n			</td>\r\n			<td>\r\n			<p style=\"text-align:center\"><a href=\"https://youtu.be/yylDvf8EVc4\" rel=\"external nofollow\" style=\"box-sizing: border-box; margin: 0px; padding: 0px; -webkit-tap-highlight-color: rgba(0, 0, 0, 0); background-color: transparent; text-decoration-line: none; color: rgb(204, 0, 0);\" target=\"_blank\">Video</a></p>\r\n			</td>\r\n		</tr>\r\n		<tr>\r\n			<td>\r\n			<p style=\"text-align:center\">5</p>\r\n			</td>\r\n			<td>\r\n			<p>Đền thánh Đức Trinh Nữ Diễm Phúc Chuỗi Mân Côi (Hàn Quốc)</p>\r\n			</td>\r\n			<td>\r\n			<p>Cầu nguyện cho trẻ em và thiếu niên.</p>\r\n			</td>\r\n			<td>\r\n			<p style=\"text-align:center\"><a href=\"https://youtu.be/Ku1vfEs0OQI\" rel=\"external nofollow\" style=\"box-sizing: border-box; margin: 0px; padding: 0px; -webkit-tap-highlight-color: rgba(0, 0, 0, 0); background-color: transparent; text-decoration-line: none; color: rgb(204, 0, 0);\" target=\"_blank\">Video</a></p>\r\n			</td>\r\n		</tr>\r\n		<tr>\r\n			<td>\r\n			<p style=\"text-align:center\">6</p>\r\n			</td>\r\n			<td>\r\n			<p>Đền thánh Đức Mẹ Aparecida (Brazil)</p>\r\n			</td>\r\n			<td>\r\n			<p>Cầu nguyện cho những người trẻ.</p>\r\n			</td>\r\n			<td>\r\n			<p style=\"text-align:center\"><a href=\"https://youtu.be/DHnvab7Klbk\" rel=\"external nofollow\" style=\"box-sizing: border-box; margin: 0px; padding: 0px; -webkit-tap-highlight-color: rgba(0, 0, 0, 0); background-color: transparent; text-decoration-line: none; color: rgb(204, 0, 0);\" target=\"_blank\">Video</a></p>\r\n			</td>\r\n		</tr>\r\n		<tr>\r\n			<td>\r\n			<p style=\"text-align:center\">7</p>\r\n			</td>\r\n			<td>\r\n			<p>Đền thánh Đức Mẹ Hòa Bình và Hành Trình Bình An (Philippines)</p>\r\n			</td>\r\n			<td>\r\n			<p>Cầu nguyện cho các gia đình.</p>\r\n			</td>\r\n			<td>\r\n			<p style=\"text-align:center\"><a href=\"https://youtu.be/a-rlf4WIVmM\" rel=\"external nofollow\" style=\"box-sizing: border-box; margin: 0px; padding: 0px; -webkit-tap-highlight-color: rgba(0, 0, 0, 0); background-color: transparent; text-decoration-line: none; color: rgb(204, 0, 0);\" target=\"_blank\">Video</a></p>\r\n			</td>\r\n		</tr>\r\n		<tr>\r\n			<td>\r\n			<p style=\"text-align:center\">8</p>\r\n			</td>\r\n			<td>\r\n			<p>Đền thánh Đức Mẹ Luján (Argentina)</p>\r\n			</td>\r\n			<td>\r\n			<p>Cầu nguyện cho những người làm truyền thông</p>\r\n			</td>\r\n			<td>\r\n			<p style=\"text-align:center\"><a href=\"https://youtu.be/j2P3R_EI5P0\" rel=\"external nofollow\" style=\"box-sizing: border-box; margin: 0px; padding: 0px; -webkit-tap-highlight-color: rgba(0, 0, 0, 0); background-color: transparent; text-decoration-line: none; color: rgb(204, 0, 0);\" target=\"_blank\">Video</a></p>\r\n			</td>\r\n		</tr>\r\n		<tr>\r\n			<td>\r\n			<p style=\"text-align:center\">9</p>\r\n			</td>\r\n			<td>\r\n			<p>Nhà thánh Loreto (Ý)</p>\r\n			</td>\r\n			<td>\r\n			<p>Cầu nguyện cho người cao tuổi</p>\r\n			</td>\r\n			<td>\r\n			<p style=\"text-align:center\"><a href=\"https://youtu.be/XDYLGUtI94k\" rel=\"external nofollow\" style=\"box-sizing: border-box; margin: 0px; padding: 0px; -webkit-tap-highlight-color: rgba(0, 0, 0, 0); background-color: transparent; text-decoration-line: none; color: rgb(204, 0, 0);\" target=\"_blank\">Video</a></p>\r\n			</td>\r\n		</tr>\r\n		<tr>\r\n			<td>\r\n			<p style=\"text-align:center\">10</p>\r\n			</td>\r\n			<td>\r\n			<p>Đền thánh Đức Mẹ Knock (Ai-len)</p>\r\n			</td>\r\n			<td>\r\n			<p>Cầu nguyện cho người khuyết tật</p>\r\n			</td>\r\n			<td>\r\n			<p style=\"text-align:center\"><a href=\"https://youtu.be/D811yqK14po\" rel=\"external nofollow\" style=\"box-sizing: border-box; margin: 0px; padding: 0px; -webkit-tap-highlight-color: rgba(0, 0, 0, 0); background-color: transparent; text-decoration-line: none; color: rgb(204, 0, 0);\" target=\"_blank\">Video</a></p>\r\n			</td>\r\n		</tr>\r\n		<tr>\r\n			<td>\r\n			<p style=\"text-align:center\">11</p>\r\n			</td>\r\n			<td>\r\n			<p>Đền thánh Đức Nữ Trinh của Người Nghèo (Bỉ)</p>\r\n			</td>\r\n			<td>\r\n			<p>Cầu nguyện cho người nghèo, người vô gia cư và người gặp khó khăn về kinh tế.</p>\r\n			</td>\r\n			<td>\r\n			<p style=\"text-align:center\"><a href=\"https://youtu.be/OTGdebxRgY8\" rel=\"external nofollow\" style=\"box-sizing: border-box; margin: 0px; padding: 0px; -webkit-tap-highlight-color: rgba(0, 0, 0, 0); background-color: transparent; text-decoration-line: none; color: rgb(204, 0, 0);\" target=\"_blank\">Video</a></p>\r\n			</td>\r\n		</tr>\r\n		<tr>\r\n			<td>\r\n			<p style=\"text-align:center\">12</p>\r\n			</td>\r\n			<td>\r\n			<p>Đền thánh Đức Mẹ Châu Phi (Algeria)</p>\r\n			</td>\r\n			<td>\r\n			<p>Cầu nguyện cho người sống cô độc và người mất hy vọng</p>\r\n			</td>\r\n			<td>\r\n			<p style=\"text-align:center\"><a href=\"https://youtu.be/N8Ki23JA0CE\" rel=\"external nofollow\" style=\"box-sizing: border-box; margin: 0px; padding: 0px; -webkit-tap-highlight-color: rgba(0, 0, 0, 0); background-color: transparent; text-decoration-line: none; color: rgb(204, 0, 0);\" target=\"_blank\">Video</a></p>\r\n			</td>\r\n		</tr>\r\n		<tr>\r\n			<td>\r\n			<p style=\"text-align:center\">13</p>\r\n			</td>\r\n			<td>\r\n			<p>Đền thánh Đức Nữ Trinh Diễm Phúc Chuỗi Mân Côi (Bồ Đào Nha)</p>\r\n			</td>\r\n			<td>\r\n			<p>Cầu nguyện cho các tù nhân.</p>\r\n			</td>\r\n			<td>\r\n			<p style=\"text-align:center\"><a href=\"https://youtu.be/ub-wHpuiGUI\" rel=\"external nofollow\" style=\"box-sizing: border-box; margin: 0px; padding: 0px; -webkit-tap-highlight-color: rgba(0, 0, 0, 0); background-color: transparent; text-decoration-line: none; color: rgb(204, 0, 0);\" target=\"_blank\">Video</a></p>\r\n			</td>\r\n		</tr>\r\n		<tr>\r\n			<td>\r\n			<p style=\"text-align:center\">14</p>\r\n			</td>\r\n			<td>\r\n			<p>Đền thánh Đức Mẹ Sức Khỏe (Ấn Độ)</p>\r\n			</td>\r\n			<td>\r\n			<p>Cầu nguyện cho các nhà khoa học và các viện nghiên cứu y học.</p>\r\n			</td>\r\n			<td>\r\n			<p style=\"text-align:center\"><a href=\"https://youtu.be/K20JbaMfnRw\" rel=\"external nofollow\" style=\"box-sizing: border-box; margin: 0px; padding: 0px; -webkit-tap-highlight-color: rgba(0, 0, 0, 0); background-color: transparent; text-decoration-line: none; color: rgb(204, 0, 0);\" target=\"_blank\">Video</a></p>\r\n			</td>\r\n		</tr>\r\n		<tr>\r\n			<td>\r\n			<p style=\"text-align:center\">15</p>\r\n			</td>\r\n			<td>\r\n			<p>Đền thánh Nữ Vương Hòa Bình (Bosnia)</p>\r\n			</td>\r\n			<td>\r\n			<p>Cầu nguyện cho người di cư.</p>\r\n			</td>\r\n			<td>\r\n			<p style=\"text-align:center\"><a href=\"https://youtu.be/wRrPMQoc2AY\" rel=\"external nofollow\" style=\"box-sizing: border-box; margin: 0px; padding: 0px; -webkit-tap-highlight-color: rgba(0, 0, 0, 0); background-color: transparent; text-decoration-line: none; color: rgb(204, 0, 0);\" target=\"_blank\">Video</a></p>\r\n			</td>\r\n		</tr>\r\n		<tr>\r\n			<td>\r\n			<p style=\"text-align:center\">16</p>\r\n			</td>\r\n			<td>\r\n			<p>Nhà thờ Chính Toà Đức Mẹ Maria (Úc)</p>\r\n			</td>\r\n			<td>\r\n			<p>Cầu nguyện cho các nạn nhân của bạo lực và buôn người.</p>\r\n			</td>\r\n			<td>\r\n			<p style=\"text-align:center\"><a href=\"https://youtu.be/n8zNxwwbx9A\" rel=\"external nofollow\" style=\"box-sizing: border-box; margin: 0px; padding: 0px; -webkit-tap-highlight-color: rgba(0, 0, 0, 0); background-color: transparent; text-decoration-line: none; color: rgb(204, 0, 0);\" target=\"_blank\">Video</a></p>\r\n			</td>\r\n		</tr>\r\n		<tr>\r\n			<td>\r\n			<p style=\"text-align:center\">17</p>\r\n			</td>\r\n			<td>\r\n			<p>Đền thánh Đức Mẹ Vô Nhiễm (Hoa Kỳ)</p>\r\n			</td>\r\n			<td>\r\n			<p>Cầu nguyện cho các nhà lãnh đạo trên thế giới và những người điều hành các tổ chức quốc tế.</p>\r\n			</td>\r\n			<td>\r\n			<p style=\"text-align:center\"><a href=\"https://youtu.be/VAl82lsITLU\" rel=\"external nofollow\" style=\"box-sizing: border-box; margin: 0px; padding: 0px; -webkit-tap-highlight-color: rgba(0, 0, 0, 0); background-color: transparent; text-decoration-line: none; color: rgb(204, 0, 0);\" target=\"_blank\">Video</a></p>\r\n			</td>\r\n		</tr>\r\n		<tr>\r\n			<td>\r\n			<p style=\"text-align:center\">18</p>\r\n			</td>\r\n			<td>\r\n			<p>Đền thánh Đức Mẹ Lộ Đức (Pháp)</p>\r\n			</td>\r\n			<td>\r\n			<p>Cầu nguyện cho các bác sĩ và y tá.</p>\r\n			</td>\r\n			<td>\r\n			<p style=\"text-align:center\"><a href=\"https://youtu.be/s4m4Ylkless\" rel=\"external nofollow\" style=\"box-sizing: border-box; margin: 0px; padding: 0px; -webkit-tap-highlight-color: rgba(0, 0, 0, 0); background-color: transparent; text-decoration-line: none; color: rgb(204, 0, 0);\" target=\"_blank\">Video</a></p>\r\n			</td>\r\n		</tr>\r\n		<tr>\r\n			<td>\r\n			<p style=\"text-align:center\">19</p>\r\n			</td>\r\n			<td>\r\n			<p>Đền thánh Nhà của Mẹ Maria (Thổ Nhĩ Kỳ)</p>\r\n			</td>\r\n			<td>\r\n			<p>Cầu nguyện cho người đang trong chiến tranh và cầu cho hòa bình thế giới.</p>\r\n			</td>\r\n			<td>\r\n			<p style=\"text-align:center\"><a href=\"https://youtu.be/R-xIxUFcP7A\" rel=\"external nofollow\" style=\"box-sizing: border-box; margin: 0px; padding: 0px; -webkit-tap-highlight-color: rgba(0, 0, 0, 0); background-color: transparent; text-decoration-line: none; color: rgb(204, 0, 0);\" target=\"_blank\">Video</a></p>\r\n			</td>\r\n		</tr>\r\n		<tr>\r\n			<td>\r\n			<p style=\"text-align:center\">20</p>\r\n			</td>\r\n			<td>\r\n			<p>Đền thánh Đức Mẹ Bác Ái (Cuba)</p>\r\n			</td>\r\n			<td>\r\n			<p>Cầu nguyện cho các dược sĩ và các nhân viên y tế.</p>\r\n			</td>\r\n			<td>\r\n			<p style=\"text-align:center\"><a href=\"https://youtu.be/DOZnMkhes58\" rel=\"external nofollow\" style=\"box-sizing: border-box; margin: 0px; padding: 0px; -webkit-tap-highlight-color: rgba(0, 0, 0, 0); background-color: transparent; text-decoration-line: none; color: rgb(204, 0, 0);\" target=\"_blank\">Video</a></p>\r\n			</td>\r\n		</tr>\r\n		<tr>\r\n			<td>\r\n			<p style=\"text-align:center\">21</p>\r\n			</td>\r\n			<td>\r\n			<p>Đền thánh Đức Mẹ Nagasaki (Nhật)</p>\r\n			</td>\r\n			<td>\r\n			<p>Cầu nguyện cho các nhà hoạt động xã hội.</p>\r\n			</td>\r\n			<td>\r\n			<p style=\"text-align:center\"><a href=\"https://youtu.be/JNGVUlmkKPk\" rel=\"external nofollow\" style=\"box-sizing: border-box; margin: 0px; padding: 0px; -webkit-tap-highlight-color: rgba(0, 0, 0, 0); background-color: transparent; text-decoration-line: none; color: rgb(204, 0, 0);\" target=\"_blank\">Video</a></p>\r\n			</td>\r\n		</tr>\r\n		<tr>\r\n			<td>\r\n			<p style=\"text-align:center\">22</p>\r\n			</td>\r\n			<td>\r\n			<p>Đền thánh Đức Mẹ Montserrat (Tây Ban Nha)</p>\r\n			</td>\r\n			<td>\r\n			<p>Cầu nguyện cho các thiện nguyện viên</p>\r\n			</td>\r\n			<td>\r\n			<p style=\"text-align:center\"><a href=\"https://youtu.be/waM5mysh0U4\" rel=\"external nofollow\" style=\"box-sizing: border-box; margin: 0px; padding: 0px; -webkit-tap-highlight-color: rgba(0, 0, 0, 0); background-color: transparent; text-decoration-line: none; color: rgb(204, 0, 0);\" target=\"_blank\">Video</a></p>\r\n			</td>\r\n		</tr>\r\n		<tr>\r\n			<td>\r\n			<p style=\"text-align:center\">23</p>\r\n			</td>\r\n			<td>\r\n			<p>Đền thánh Đức Mẹ Cap (Canada)</p>\r\n			</td>\r\n			<td>\r\n			<p>Cầu nguyện cho lực lượng hành pháp, quân đội và lính cứu hỏa.</p>\r\n			</td>\r\n			<td>\r\n			<p style=\"text-align:center\"><a href=\"https://youtu.be/xJMcZPTZI3M\" rel=\"external nofollow\" style=\"box-sizing: border-box; margin: 0px; padding: 0px; -webkit-tap-highlight-color: rgba(0, 0, 0, 0); background-color: transparent; text-decoration-line: none; color: rgb(204, 0, 0);\" target=\"_blank\">Video</a></p>\r\n			</td>\r\n		</tr>\r\n		<tr>\r\n			<td>\r\n			<p style=\"text-align:center\">24</p>\r\n			</td>\r\n			<td>\r\n			<p>Đền thánh Đức Mẹ Lộ Đức ở&nbsp;Nyaunglebin (Myanmar)</p>\r\n			</td>\r\n			<td>\r\n			<p>Cầu nguyện cho những người cung cấp các dịch vụ thiết yếu.</p>\r\n			</td>\r\n			<td>\r\n			<p style=\"text-align:center\"><a href=\"https://www.youtube.com/vaticannews\" rel=\"external nofollow\" style=\"box-sizing: border-box; margin: 0px; padding: 0px; -webkit-tap-highlight-color: rgba(0, 0, 0, 0); background-color: transparent; text-decoration-line: none; color: rgb(204, 0, 0);\" target=\"_blank\">Trực tiếp</a><br />\r\n			<em>(6pm giờ Roma)</em></p>\r\n			</td>\r\n		</tr>\r\n		<tr>\r\n			<td>\r\n			<p style=\"text-align:center\">25</p>\r\n			</td>\r\n			<td>\r\n			<p>Vương cung thánh đường Đức Nữ Trinh Diễm Phúc Ta ‘Pinu (Malta)</p>\r\n			</td>\r\n			<td>\r\n			<p>Cầu nguyện các giáo viên, học sinh và các nhà giáo dục.</p>\r\n			</td>\r\n			<td>\r\n			<p style=\"text-align:center\"><a href=\"https://www.youtube.com/vaticannews\" rel=\"external nofollow\" style=\"box-sizing: border-box; margin: 0px; padding: 0px; -webkit-tap-highlight-color: rgba(0, 0, 0, 0); background-color: transparent; text-decoration-line: none; color: rgb(204, 0, 0);\" target=\"_blank\">Trực tiếp</a><br />\r\n			<em>(6pm giờ Roma)</em></p>\r\n			</td>\r\n		</tr>\r\n		<tr>\r\n			<td>\r\n			<p style=\"text-align:center\">26</p>\r\n			</td>\r\n			<td>\r\n			<p>Đền thánh Đức Mẹ Guadalupe (Mexico)</p>\r\n			</td>\r\n			<td>\r\n			<p>Cầu nguyện cho các công nhân và chủ doanh nghiệp</p>\r\n			</td>\r\n			<td>\r\n			<p style=\"text-align:center\"><a href=\"https://www.youtube.com/vaticannews\" rel=\"external nofollow\" style=\"box-sizing: border-box; margin: 0px; padding: 0px; -webkit-tap-highlight-color: rgba(0, 0, 0, 0); background-color: transparent; text-decoration-line: none; color: rgb(204, 0, 0);\" target=\"_blank\">Trực tiếp</a><br />\r\n			<em>(6pm giờ Roma)</em></p>\r\n			</td>\r\n		</tr>\r\n		<tr>\r\n			<td>\r\n			<p style=\"text-align:center\">27</p>\r\n			</td>\r\n			<td>\r\n			<p>Đền thánh Mẹ Thiên Chúa (Ucraine)</p>\r\n			</td>\r\n			<td>\r\n			<p>Cầu nguyện cho người thất nghiệp</p>\r\n			</td>\r\n			<td>\r\n			<p style=\"text-align:center\"><a href=\"https://www.youtube.com/vaticannews\" rel=\"external nofollow\" style=\"box-sizing: border-box; margin: 0px; padding: 0px; -webkit-tap-highlight-color: rgba(0, 0, 0, 0); background-color: transparent; text-decoration-line: none; color: rgb(204, 0, 0);\" target=\"_blank\">Trực tiếp</a><br />\r\n			<em>(6pm giờ Roma)</em></p>\r\n			</td>\r\n		</tr>\r\n		<tr>\r\n			<td>\r\n			<p style=\"text-align:center\">28</p>\r\n			</td>\r\n			<td>\r\n			<p>Đền thánh Đức Mẹ Đen Altötting (Đức)</p>\r\n			</td>\r\n			<td>\r\n			<p>Cầu nguyện cho Đức Thánh Cha, các giám mục, linh mục và phó tế.</p>\r\n			</td>\r\n			<td>\r\n			<p style=\"text-align:center\"><a href=\"https://www.youtube.com/vaticannews\" rel=\"external nofollow\" style=\"box-sizing: border-box; margin: 0px; padding: 0px; -webkit-tap-highlight-color: rgba(0, 0, 0, 0); background-color: transparent; text-decoration-line: none; color: rgb(204, 0, 0);\" target=\"_blank\">Trực tiếp</a><br />\r\n			<em>(6pm giờ Roma)</em></p>\r\n			</td>\r\n		</tr>\r\n		<tr>\r\n			<td>\r\n			<p style=\"text-align:center\">29</p>\r\n			</td>\r\n			<td>\r\n			<p>Đền thánh Đức Mẹ Lebanon (Lebanon)</p>\r\n			</td>\r\n			<td>\r\n			<p>Cầu nguyện cho nam nữ tu sĩ.</p>\r\n			</td>\r\n			<td>\r\n			<p style=\"text-align:center\"><a href=\"https://www.youtube.com/vaticannews\" rel=\"external nofollow\" style=\"box-sizing: border-box; margin: 0px; padding: 0px; -webkit-tap-highlight-color: rgba(0, 0, 0, 0); background-color: transparent; text-decoration-line: none; color: rgb(204, 0, 0);\" target=\"_blank\">Trực tiếp</a><br />\r\n			<em>(6pm giờ Roma)</em></p>\r\n			</td>\r\n		</tr>\r\n		<tr>\r\n			<td>\r\n			<p style=\"text-align:center\">30</p>\r\n			</td>\r\n			<td>\r\n			<p>Đền thánh Đức Trinh Nữ Diễm Phúc Chuỗi Mân Côi Pompeii (Ý)</p>\r\n			</td>\r\n			<td>\r\n			<p>Cầu nguyện cho Giáo Hội</p>\r\n			</td>\r\n			<td>\r\n			<p style=\"text-align:center\"><a href=\"https://www.youtube.com/vaticannews\" rel=\"external nofollow\" style=\"box-sizing: border-box; margin: 0px; padding: 0px; -webkit-tap-highlight-color: rgba(0, 0, 0, 0); background-color: transparent; text-decoration-line: none; color: rgb(204, 0, 0);\" target=\"_blank\">Trực tiếp</a><br />\r\n			<em>(6pm giờ Roma)</em></p>\r\n			</td>\r\n		</tr>\r\n		<tr>\r\n			<td>\r\n			<p style=\"text-align:center\">31</p>\r\n			</td>\r\n			<td>\r\n			<p>Vườn Vatican</p>\r\n			</td>\r\n			<td>\r\n			<p>Cầu xin cho đai dịch chấm dứt và sự phục hồi đời sống xã hội và kinh tế của chúng ta.</p>\r\n			</td>\r\n			<td>\r\n			<p style=\"text-align:center\"><a href=\"https://www.youtube.com/vaticannews\" rel=\"external nofollow\" style=\"box-sizing: border-box; margin: 0px; padding: 0px; -webkit-tap-highlight-color: rgba(0, 0, 0, 0); background-color: transparent; text-decoration-line: none; color: rgb(204, 0, 0);\" target=\"_blank\">Trực tiếp</a><br />\r\n			<em>(6pm giờ Roma)</em></p>\r\n			</td>\r\n		</tr>\r\n	</tbody>\r\n</table>\r\n</div>\r\n\r\n<div class=\"article_banner\" id=\"banner-donazioni\" style=\"box-sizing: border-box; margin: 0px; padding: 0px; -webkit-tap-highlight-color: rgba(0, 0, 0, 0); position: relative; box-shadow: rgba(0, 0, 0, 0.1) 0px 0px 6px 0px; transition: transform 222ms ease 0s, box-shadow 222ms ease 0s; will-change: transform, box-shadow;\">&nbsp;</div>', 'M4PwW_cq5dam.thumbnail.cropped.1000.563 (1).jpeg', 0, 0, 4, '2021-05-24 12:40:57', '2021-05-24 12:40:57'),
(7, 'Thêm 3 người cùng công ty T&T nghi mắc Covid-19', 'them-3-nguoi-cung-cong-ty-t-t-nghi-mac-covid-19', 'Tòa nhà Công ty T&T bị phong tỏa đêm 23/5. Ảnh: Giang Huy.', 'Chi Lê-vnexpress', '<h1>Thêm 3 người cùng công ty T&amp;T nghi mắc Covid-19</h1>\r\n\r\n<p>CDC Hà Nội tối 24/5 thông báo 3 người cùng làm việc tại Công ty T&amp;T, liên quan tới chùm ca bệnh ở tòa nhà Times City, xét nghiệm dương tính nCoV.</p>\r\n\r\n<p>Bộ Y tế chưa định mã bệnh nhân, vì vậy 3 ca này xếp vào diện nghi nhiễm. Họ gồm:</p>\r\n\r\n<p>- Nam, 31 tuổi, sống tại chung cư The Zen Residence, Thịnh Liệt, Hoàng Mai.</p>\r\n\r\n<p>- Nam, 25 tuổi, sống ở phố Thịnh Liệt, Hoàng Mai. Anh tiếp xúc gần \"bệnh nhân 5136\", F2 của \"bệnh nhân 5243\".</p>\r\n\r\n<p>- Nam, 31 tuổi, sống tại tòa CT1 Gelexia, Yên Sở, Hoàng Mai. Anh tiếp xúc gần \"bệnh nhân 5243\".</p>\r\n\r\n<p>Theo CDC Hà Nội, đến nay ghi nhận 18 trường hợp dương tính nCoV liên quan tới chùm ca bệnh tại khu đô thị Times City, gồm: 4 người trong gia đình là các bệnh nhân 5224, 5237, 5242, 5243; 12 người là F1 và người liên quan của bệnh nhân 5243; một người là F1 của bệnh nhân 5242; một người là F1 của bệnh nhân 5316.</p>\r\n\r\n<p>Những ca liên quan đến chùm ca bệnh này phân bố ở các quận Hoàng Mai 7 ca, Thanh Xuân 2 ca, Hai Bà Trưng 2 ca, Đống Đa 2 ca, Long Biên 2 ca; Gia Lâm, Thanh Trì, Bắc Từ Liêm mỗi nơi đều một ca.</p>\r\n\r\n<p>Các địa điểm gồm: tòa nhà Park 9 và Park 11 tại khu đô thị Times City, tòa H2 của khu đô thị Việt Hưng, khu vực Công ty T&amp;T tại số 2A Phạm Sư Mạnh đã bị phong tỏa do có liên quan tới ca nhiễm nói trên.</p>\r\n\r\n<p>Hiện tại Công ty T&amp;T đã ghi nhận 11 ca dương tính.</p>\r\n\r\n<p>Phó giám đốc Sở Y tế Hoàng Đức Hạnh cho biết Công ty T&amp;T và Park 11 Times City là chùm ca bệnh rất phức tạp, có nhiều ca mắc và liên quan tới các địa điểm rất nhiều người làm việc, sinh sống. Chùm ca bệnh này có thể có 2 đến 3 chu kỳ lây nhiễm và chưa xác định được nguồn lây, có thể sẽ tiếp tục ghi nhận thêm các ca mắc mới ngoài cộng đồng trong thời gian tới.</p>', 'TN0vP_t-t-jpeg-9018-1621852109-16218-3632-5603-1621858666.jpg', 0, 0, 10, '2021-05-24 12:42:44', '2021-05-24 12:42:44'),
(8, 'Masterise Homes ủng hộ kinh phí cho quỹ phòng, chống Covid-19', 'masterise-homes-ung-ho-kinh-phi-cho-quy-phong-chong-covid-19', 'Chủ tịch Ủy ban Trung ương Mặt trận Tổ quốc Việt Nam - ông Đỗ Văn Chiến (phải) tiếp nhận ủng hộ từ đại diện Masterise Homes.', 'Hải My', '<p><span style=\"color:rgb(117, 117, 117) !important; font-size:16px\">HÀ NỘI</span>​​​​Lãnh đạo Masterise Homes vừa trao 3 tỷ đồng cho UBMTTQ Việt Nam nhằm hưởng ứng lời kêu gọi toàn dân chung tay góp sức chống Covid-19.</p>\r\n\r\n<p>Mới đây, ông Gibran Bukhari, Giám đốc khối Kinh doanh của Công ty Masterise Homes, đến trụ sở Ủy ban Trung ương Mặt trận Tổ quốc Việt Nam tại Hà Nội thăm hỏi và trao tiền ủng hộ cho Bí thư Trung ương Đảng, Chủ tịch Ủy ban Trung ương Mặt trận Tổ quốc Việt Nam Đỗ Văn Chiến.</p>\r\n\r\n<p>Ông Đỗ Văn Chiến khẳng định số tiền này sẽ được UBMTTQ Việt Nam phân bổ kịp thời để hỗ trợ những người có hoàn cảnh khó khăn tại các khu cách ly và sử dụng một phần kinh phí để mua vắc xin giúp người nghèo, có hoàn cảnh khó khăn trong xã hội.</p>\r\n\r\n<p>Ông Gibran Bukhari đánh giá cao về cách thức chống dịch chính xác, khoanh vùng, dập dịch, hạn chế sự lây lan của Covid-19 của Chính phủ Việt Nam thời gian qua. Ngay trong đại dịch, Việt Nam vẫn bình an và là điểm đến an toàn cho những nhà đầu tư.</p>\r\n\r\n<p>Đại diện Masterise Homes cho biết, là một doanh nghiệp đang hoạt động tại Việt Nam, công ty luôn mong muốn góp sức vào công cuộc phòng, chống dịch bệnh của Chính phủ. \"Thay mặt cho toàn thể nhân viên công ty Masterise Homes, tôi ngỏ lời cảm ơn đến những người đang làm nhiệm vụ trong khu vực cách ly và các y bác sĩ. Chúng tôi trân trọng công sức và lòng tận tụy của mọi người đã kiểm soát dịch tốt nhất có thể, giúp chúng tôi yên tâm công tác\" ông nói và kỳ vọng thời gian tới nhiều người dân sẽ tiếp cận được vắc xin phòng Covid-19.</p>\r\n\r\n<p>Là một công ty luôn ủng hộ các hoạt động sức khỏe, giáo dục, văn hóa, xã hội, với việc ủng hộ kinh phí phòng chống Covid-19 lần này, Masterise Homes cho thấy sự cam kết hướng đến xây dựng các giá trị nhân văn cho cộng đồng và đóng góp thiết thực để góp phần kiến tạo nên môi trường sống bền vững cho tương lai.<br />\r\nMasterise Homes là một trong số nhà phát triển bất động sản lớn tại TP HCM.</p>\r\n\r\n<p>Tên tuổi của \"ông lớn\" này gắn liền với nhiều dự án căn hộ cao cấp, như Masteri Thảo Điền, Masteri An Phú, Millennium... Hiện chủ đầu tư này kết hợp với nhiều đối tác quốc tế, điển hình là tập đoàn khách sạn hàng đầu thế giới Marriott International để đưa dòng căn hộ hàng hiệu vào Việt Nam. Gần đây, dự án Grand Marina, Saigon đã mở bán lần đầu tại Việt Nam và có giá bán kỷ lục tại thị trường TP HCM, sánh ngang sản phẩm cùng phân khúc tại Bangkok và Singapore. Theo công bố tại sự kiện mở bán trước đó tại Hong Kong, căn hộ hàng hiệu tại đây có giá khoảng hơn 400 triệu đồng một m2.</p>\r\n\r\n<p>Ngoài ra, doanh nghiệp cũng đang \"Bắc tiến\" với dự án chung cư Masteri Waterfront tại Gia Lâm, Hà Nội và dự án Masteri West Heights sắp ra mắt tại phía Tây Hà Nội.</p>', 'pi3rK_image003-9596-1621823307.jpg', 1, 0, 10, '2021-05-24 12:46:15', '2021-05-24 12:46:49');
INSERT INTO `tintuc` (`id`, `TieuDe`, `TieuDeKhongDau`, `TomTat`, `TacGia`, `NoiDung`, `Hinh`, `NoiBat`, `SoLuotXem`, `idLoaiTin`, `created_at`, `updated_at`) VALUES
(9, 'Hoài Linh: \'Tôi không biển thủ tiền từ thiện hơn 13 tỷ đồng\'', 'hoai-linh-toi-khong-bien-thu-tien-tu-thien-hon-13-ty-dong', 'Hoài Linh lần đầu xin lỗi vì chậm giải ngân hơn 13 tỷ đồng quyên góp từ khán giả, nói sẽ trao tiền cho người miền Trung khi dịch ổn định.', 'Tâm Giao - Mai Nhật - Hải Duyên', '<div style=\"margin: 0px; padding: 0px; box-sizing: border-box; text-rendering: optimizelegibility; color: rgb(34, 34, 34); font-family: arial; font-size: 18px; background-color: rgb(252, 250, 246); text-align: center;\">\r\n<p style=\"text-align:left\">Giữa tháng 5, khán giả dấy lên nhiều tranh cãi khi&nbsp;<a href=\"https://vnexpress.net/chu-de/hoai-linh-1318\" rel=\"dofollow\" style=\"margin: 0px; padding: 0px; box-sizing: border-box; text-rendering: optimizelegibility; color: rgb(7, 109, 182); position: relative; text-underline-position: under;\">Hoài Linh</a>&nbsp;chưa công bố kế hoạch giải ngân sau hơn nửa năm quyên góp tiền từ thiện cứu trợ miền Trung gặp thiên tai. Nhiều người đề nghị danh hài minh bạch chuyện sử dụng số tiền anh đang giữ.</p>\r\n\r\n<p style=\"text-align:left\"><span style=\"color:rgb(0, 0, 0)\">Trong video gửi đến&nbsp;</span><em>VnExpress&nbsp;</em><span style=\"color:rgb(0, 0, 0)\">vào tối 24/5, Hoài Linh</span>&nbsp;nói số tiền anh kêu gọi cho miền Trung, vào tháng 10/2020, đang trong tài khoản riêng do anh lập nên. Tổng số tiền được chốt với hơn 13,4 tỷ đồng sau 22 ngày kêu gọi. Thời gian qua, anh đã liên hệ một số cơ quan địa phương để trao một phần hỗ trợ cho các hộ dân bị ảnh hưởng bởi thiên tai. Cộng với lãi suất cùng khoản tiền anh chi ra, quỹ hiện tại là hơn 13,7 tỷ đồng. Danh hài cho rằng: \"Ông bà ta có câu: mua danh ba vạn, bán danh ba đồng. Có người thắc mắc số tiền này tôi có biển thủ không. Nếu lấy sự nghiệp 30 năm để đánh đổi số tiền đồng, liệu tôi có nên không?\", anh nói. Nghệ sĩ cũng gửi lời xin lỗi người miền Trung vì số tiền đến với họ muộn hơn dự kiến.</p>\r\n</div>\r\n\r\n<p>Trước đó, dịp Tết, anh lên kế hoạch tổ chức chuyến đi trao số tiền cho người dân miền Trung, song bị hoãn vì dịch. Nghệ sĩ dời sang từ ngày 10 đến 17/5, nhưng một lần nữa phải đình lại khi dịch bùng phát đợt bốn.</p>\r\n\r\n<p>Anh cho biết ngoài số tiền hơn 13 tỷ quyên góp cho người miền Trung, khán giả còn gửi anh hơn một tỷ đồng để góp<a href=\"https://vnexpress.net/gia-dinh-dung-tien-phung-dieu-chi-tai-lam-tu-thien-4204802.html\" rel=\"dofollow\" style=\"margin: 0px; padding: 0px 0px 1px; box-sizing: border-box; text-rendering: optimizelegibility; color: rgb(7, 109, 182); text-decoration-line: none; position: relative; text-underline-position: under; border-bottom-width: 1px; border-bottom-style: solid;\">&nbsp;quỹ thiện nguyện</a>&nbsp;của Chí Tài. Số tiền này anh đã tách ra, làm đúng theo ủy thác của gia đình cố danh hài.</p>\r\n\r\n<p>Theo luật sư Bùi Quốc Tuấn - Đoàn luật sư TP HCM, việc vận động, tiếp nhận và phân phối các nguồn đóng góp từ thiện được quy định tại Nghị định số 64/2008 của Chính phủ điều chỉnh, Luật Phòng chống thiên tai năm 2013.</p>\r\n\r\n<p>Cụ thể, Điều 33 Luật Phòng, Chống thiên tai quy định: \"Tổ chức, cá nhân được phép quyên góp từ cộng đồng theo quy định của pháp luật có trách nhiệm phối hợp với Ủy ban nhân dân nơi được hỗ trợ để thực hiện cứu trợ khẩn cấp và hỗ trợ trung hạn\". Còn điều 5 của Nghị định 64/2008 quy định: \"Mặt trận Tổ quốc Việt Nam; Hội Chữ thập đỏ Việt Nam; báo, đài của trung ương, địa phương; các quỹ xã hội, quỹ từ thiện; các tổ chức, đơn vị ở trung ương được Mặt trận Tổ quốc Việt Nam cho phép; các tổ chức, đơn vị ở địa phương được Mặt trận Tổ quốc cấp tỉnh, cấp huyện cho phép...\".</p>\r\n\r\n<p>Tuy nhiên, Nghị định này chỉ điều chỉnh việc tổ chức, vận động, tiếp nhận, phân phối và sử dụng các nguồn đóng góp của các cá nhân trong và ngoài nước trong các quỹ được nhà nước quy định. Còn cá nhân uỷ thác việc gửi tiền, vật phẩm cho người khác đi làm từ thiện thì không thể áp dụng.</p>\r\n\r\n<p>Do đó, Bộ Tài chính được Thủ tướng Chính phủ giao chủ trì soạn thảo Nghị định thay thế Nghị định 64. Việc các cá nhân đứng nhận tiền đóng góp tự nguyện từ người khác để làm từ thiện thì có thể áp dụng các quy định của Bộ luật Dân sự năm 2015. Một số người dân tự nguyện gửi tiền cho các cá nhân có thể hiểu là bên tặng cho tài sản và người được ủng hộ là bên được cho tài sản. Khi đó, các cá nhân vận động quyên góp giữ vai trò trung gian theo \"ủy quyền\" của người cho tặng. Nếu các cá nhân này không hoàn thành đúng việc mà người gửi tiền làm từ thiện đã \"ủy quyền\" thì có thể bị truy cứu trách nhiệm hình sự về Tội lừa đảo chiếm đoạt tài sản theo Điều 174 Bộ luật Hình sự.</p>\r\n\r\n<p><strong><span style=\"color:rgb(85, 85, 85)\">Trao đổi với báo chí, đại diện Vụ Ngân sách Nhà nước (Bộ Tài chính) cho biết cơ quan này đang hoàn thiện dự thảo Nghị định về vận động, tiếp nhận, phân phối và sử dụng các nguồn đóng góp tự nguyện hỗ trợ khắc phục khó khăn do thiên tai, dịch bệnh.</span></strong>.. Dự thảo sẽ được trình Chính phủ trong vài ngày tới. Bộ Tài chính đề xuất cá nhân được tham gia vận động, tiếp nhận, phân phối và sử dụng nguồn đóng góp tự nguyện khắc phục thiên tai, dịch bệnh.</p>\r\n\r\n<p>Tuy nhiên, các cá nhân muốn vận động nguồn tài trợ thì phải thông báo với chính quyền nơi cư trú về mục đích, phạm vi, phương thức, hình thức vận động cũng như chính quyền địa phương nơi tiếp nhận hỗ trợ để được hướng dẫn, phối hợp phân phối, sử dụng nguồn đóng góp tự nguyện cũng như đảm bảo an toàn, trật tự xã hội. Các khoản đóng góp tự nguyện do cá nhân vận động, tiếp nhận, phân phối và sử dụng để làm từ thiện phải đảm bảo tính công khai, minh bạch. Cá nhân có trách nhiệm báo cáo, công khai về hoạt động vận động, tiếp nhận, phân phối và sử dụng nguồn đóng góp tự nguyện khi được yêu cầu. Đại diện cơ quan soạn thảo cho hay chưa có quy định cứng về thời gian phải phân phối số tiền, đây là vấn đề thỏa thuận giữa người tiếp nhận và bên ủng hộ tiền. Bên tiếp nhận phải thông tin đến người ủng hộ về thời gian giải ngân số tiền hoặc hiện vật, thống nhất việc phân phối như thế nào.</p>\r\n\r\n<p>Hoài Linh sinh năm 1969, quê ở Quảng Nam. Thập niên 1990, anh gây tiếng vang ở hải ngoại khi đóng kịch hài cùng Vân Sơn. Đầu những năm 2000, anh về nước sống và làm việc. Ngoài diễn kịch, anh làm giám khảo game show, đóng nhiều phim điện ảnh. Hiện Hoài Linh chủ yếu sống ở đền thờ tổ nghiệp tại quận 9, TP HCM.</p>', 'T1P51_hoai-linh-1-jpeg-7453-1621829522.jpg', 0, 0, 22, '2021-05-24 12:49:04', '2021-05-24 12:49:04'),
(11, 'TÔNG ĐỒ CẦU NGUYỆN, NGÀY 24/05/2021', 'tong-do-cau-nguyen-ngay-24-05-2021', 'TÔNG ĐỒ CẦU NGUYỆN, NGÀY 24/05/2021', 'TGPSG', '<p><span style=\"font-size:16px\"><span style=\"font-family:helvetica,arial,sans-serif\">TÔNG ĐỒ CẦU NGUYỆN, NGÀY 24/05/2021</span><br />\r\n<br />\r\n<span style=\"font-family:helvetica,arial,sans-serif\">CÙNG CHÚA GIÊSU BUỔI SÁNG</span><br />\r\n<span style=\"font-family:helvetica,arial,sans-serif\">Ngày hôm nay, chúng ta cùng tôn vinh Đức Mẹ Maria là Mẹ của Giáo Hội. Chúa Giêsu đã để lại Mẹ cho chúng ta với tư cách là Mẹ trong giây phút tột đỉnh trên Thập Tự: \"Đây là con của Bà. Đây là mẹ của anh.\"(Gioan 19,25). Con bắt đầu tuần mới trong bàn tay Mẹ Maria, người biết rõ hơn ai hết là hãy hoàn thành sứ mệnh mà Mẹ đã được kêu gọi, giúp con sẵn sàng phục vụ Chúa và trung thành thực hiện những gì Chúa mong đợi nơi con trong ngày làm việc này. Con xin dâng lên Mẹ ngày hôm nay. Lạy Cha chúng con....</span><br />\r\n<span style=\"font-family:helvetica,arial,sans-serif\">WITH JESUS IN THE MORNING</span><br />\r\n<span style=\"font-family:helvetica,arial,sans-serif\">Today we celebrate Mary as Mother of the Church. Jesus left her to us as Mother in the culminating moment on the Cross: “Here is your son. Here is your mother.\" (John 19: 25-27). Put the week we started in the hands of Mary and ask her, who knew better than anyone to fulfill the mission to which she was called, to help you to be available to the Lord and to be faithful in the fulfillment of what the Lord expects of you in this working day. Offer your day to her. Our Father...</span><br />\r\n<span style=\"font-family:helvetica,arial,sans-serif\">— ∞ + ∞ —</span><br />\r\n<span style=\"font-family:helvetica,arial,sans-serif\">CÙNG CHÚA GIÊSU TRONG NGÀY</span><br />\r\n<span style=\"font-family:helvetica,arial,sans-serif\">Con cố ý làm chậm lại nhịp sống trong ngày sống của con để đặt mình trước mặt Chúa và nói với Ngài mọi điều từ trái tim con: \"Con đây, lạy Chúa, một lần nữa ở trước mặt Chúa. Con muốn dành thời gian với Ngài.\" Đức Thánh Cha Phanxicô nhắc nhở chúng con rằng \"Thế giới thì giàu có, nhưng những người nghèo thì lại đang gia tăng xung quanh chúng ta.\" Những lời này của Đức Thánh Cha gợi ý cho con điều gì? Con muốn tâm sự với Ngài điều gì? Điều gì đã lấy đi sự bình an hay nhu cầu của con để con được soi sáng trong trái tim? Con cầu xin sức mạnh và ánh sáng, và sẵn sàng làm việc trong thời gian còn lại của ngày, để thay đổi thực tế mà Đức Thánh Cha Phanxicô đã lên tiếng nhắc nhở.</span><br />\r\n<span style=\"font-family:helvetica,arial,sans-serif\">WITH JESUS DURING A DAY</span><br />\r\n<span style=\"font-family:helvetica,arial,sans-serif\">Instantly slow down the rhythm of your day to place yourself before the Lord and speak to him from the heart: “Here I am, Lord, once again in front of you. I want to spend some time with you.” Pope Francis reminds us that \"the world is rich and yet the poor are increasing around us.\" What do these words of the Pope suggest to you? What do you want to present to the Lord? What takes away your peace or needs to be enlightened in your heart? Ask for strength and light and get ready to work, in the remainder of the day, to change the reality that Pope Francis denounces.</span><br />\r\n<span style=\"font-family:helvetica,arial,sans-serif\">— ∞ + ∞ —</span><br />\r\n<span style=\"font-family:helvetica,arial,sans-serif\">CÙNG CHÚA GIÊSU BUỔI TỐI</span><br />\r\n<span style=\"font-family:helvetica,arial,sans-serif\">\"Con lắng lòng mình trước lúc hoàng hôn và ngẫm lại những gì con đã trải qua. Ngày hôm nay của con như thế nào? Con đặt trái tim của mình vào đâu? Con có sẵn sàng giúp đỡ và phục vụ anh chị em của mình không? Tình yêu của con trong nhiệm vụ và phục vụ người khác như thế nào? Nó không phải là về những gì con làm mà là về tình yêu thương mà con thể hiện. Trong tháng này, con luôn cố gắng để hành động của con hướng đến lợi ích chung cho môi trường xung quanh. Con viết ra mục đích để cải thiện việc phục vụ anh chị em của con. Kính mừng Maria ...</span><br />\r\n<span style=\"font-family:helvetica,arial,sans-serif\">WITH JESUS IN THE NIGHT</span><br />\r\n<span style=\"font-family:helvetica,arial,sans-serif\">Calm yourself at daybreak. Collect what has been lived. How was your day? Where have you put your heart? Were you available to help and serve your brothers and sisters? How has your love been in your tasks and service to others? It is not about what you do but about the love you put forth. During this month try that your actions are oriented to the common good in your surroundings. Write down a purpose to improve in the service of your brothers and sisters. Hail Mary...</span><br />\r\n<span style=\"font-family:helvetica,arial,sans-serif\">Biên dịch: Nhóm Bạn Đường Linh Thao.</span></span></p>', '2EbPP_188556080_2876165879289605_8332926754839544013_n.jpg', 0, 0, 2, '2021-05-24 13:18:47', '2021-05-24 13:53:28'),
(12, 'Philippines dự định ‘trộn’ vắc xin Trung Quốc với vắc xin khác để tiêm ngừa Covid-19 cho dân', 'philippines-du-dinh-tron-vac-xin-trung-quoc-voi-vac-xin-khac-de-tiem-ngua-covid-19-cho-dan', 'Philippines dự định ‘trộn’ vắc xin Trung Quốc với vắc xin khác để tiêm ngừa Covid-19 cho dân', 'Hoàng Đình', '<h1>Philippines dự định ‘trộn’ vắc xin Trung Quốc với vắc xin khác để tiêm ngừa Covid-19 cho dân</h1>\r\n\r\n<div class=\"sapo\" id=\"chapeau\" style=\"box-sizing: border-box; outline: 0px; font-size: 18px; line-height: 28px; margin-bottom: 20px; font-family: Tno, &quot;Helvetica Neue&quot;, Helvetica, Arial, sans-serif;\">\r\n<div style=\"box-sizing: border-box; outline: 0px; display: inline;\">Dự kiến, trong tháng sau, Philippines khởi động nghiên cứu về việc trộn liều Sinovac của&nbsp;<a href=\"https://thanhnien.vn/trung-quoc/\" rel=\"\" style=\"box-sizing: border-box; background-color: transparent; color: rgb(0, 115, 159); text-decoration-line: none; display: inline; transition: all 0.2s ease-out 0s;\">Trung Quốc</a>&nbsp;với các mũi tiêm ngừa Covid-19 từ nguồn cung cấp khác.\r\n\r\n<p>Hôm nay 24.5, tờ&nbsp;<em>Nikkei Asia</em>&nbsp;dẫn nguồn từ Bộ Khoa học và&nbsp;<a href=\"https://thanhnien.vn/cong-nghe/\" rel=\"\" style=\"box-sizing: border-box; background-color: transparent; color: rgb(0, 115, 159); text-decoration-line: none; display: inline; transition: all 0.2s ease-out 0s; line-height: 30px !important;\">Công nghệ</a>&nbsp;(DOST) Philippines cho hay nghiên cứu trên do chính phủ tài trợ sẽ tiến hành từ tháng 6.2021 - 11.2022. Theo đó, nghiên cứu này là “sự kết hợp” của các vắc xin ngừa Covid-19sẵn có ở Philippines.</p>\r\n\r\n<p>“Việc kết hợp vắc xin Sinovac (Trung Quốc) với nhãn hiệu vắc xin khác sẽ là mục tiêu chính của nghiên cứu - vì đây là nguồn cung cấp vắc xin ổn định nhất trong nước”, theo thông tin được ông Fortunato Dela Pena - Bộ trưởng DOST – viết trên Facebook. Ông giải thích thêm: “Tóm lại, nghiên cứu này để tiêm 2 loại vắc-xin khác nhau đối với 2 liều tiêm giành cho 1 người”.</p>\r\n\r\n<p>DOST cho biết sẽ đề nghị một số cơ quan liên quan chấp thuận tiến hành nghiên cứu trên tại 8 khu vực trong cả nước, nhưng không tiết lộ sẽ có bao nhiêu người tham gia thử nghiệm.</p>\r\n\r\n<p>Ngoài Sinovac, Philippines đã phê duyệt 6 loại vắc xin ngừa Covid-19 khác khác để sử dụng trong trường hợp khẩn cấp, gồm vắc xin của các đơn vị sau: Pfizer, Moderna và Johnson &amp; Johnson (Mỹ), AstraZeneca (Anh), Bharat Biotech (Ấn Độ) và Viện Gamaleya (Nga).</p>\r\n\r\n<p>Đến nay, Philippines đã nhận được khoảng 8,3 triệu liều từ nhiều nguồn, bao gồm cả nguồn cung cấp từ chương trình Covax do LHQ hỗ trợ. Trong đó, Philippines nhận 5,5 triệu liều từ Sinovac, 2,5 triệu liều từ AstraZeneca, 193.000 liều từ Pfizer và 30.000 liều từ Gamaleya. Đến nay, Philippines cũng đã tiêm hơn 4 triệu liều.</p>\r\n\r\n<p>Hiện tại, Philippines đang hướng đến mục tiêu năm nay sẽ hoàn thành tiêm chủng cho hơn một nửa dân số trong tổng số 110 triệu dân của nước này. Tuy nhiên, Philippines cũng đang trải qua nhiều thách thức và chỉ trích về&nbsp;<a href=\"https://thanhnien.vn/the-gioi/nhieu-thi-truong-philippines-bi-to-nhay-hang-gianh-tiem-vac-xin-truoc-nhan-vien-y-te-1359316.html\" rel=\"\" style=\"box-sizing: border-box; background-color: transparent; color: rgb(0, 115, 159); text-decoration-line: none; display: inline; transition: all 0.2s ease-out 0s; line-height: 30px !important;\" target=\"_blank\">sự “thiên vị” trong quá trình phân bổ</a>&nbsp;việc tiêm vắc xin.</p>\r\n\r\n<p>Tuần trước, nhiều chính quyền địa phương của nước này đã phải giữ kín, không công bố loại vắc xin được sử dụng trong các đợt tiêm chủng, vì lo ngại người dân chỉ tập trung tiêm phòng các loại&nbsp;<a href=\"https://thanhnien.vn/the-gioi/nhan-vien-y-te-philippines-khong-tiem-vac-xin-trung-quoc-cho-vac-xin-phuong-tay-1351038.html\" rel=\"\" style=\"box-sizing: border-box; background-color: transparent; color: rgb(0, 115, 159); text-decoration-line: none; display: inline; transition: all 0.2s ease-out 0s; line-height: 30px !important;\" target=\"_blank\">vắc xin “có thương hiệu”</a>. Quyết định trên được đưa ra sau khi xảy ra tình trạng người dân đổ xô đến các điểm tiêm chủng sử dụng vắc xin của Pfizer.</p>\r\n\r\n<p>Trong khi đó, tờ&nbsp;<em>The Philippine Star</em>&nbsp;ngày 6.5 đưa tin Tổng thống Philippines Rodrigo Duterte yêu cầu Trung Quốc thu hồi 1.000 liều vắc xin Covid-19 do công ty dược Sinopharm phát triển mà Bắc Kinh đã tặng cho Manila. Trước đó, tối 3.5,&nbsp;<a href=\"https://thanhnien.vn/the-gioi/tong-thong-philippines-tiem-vac-xin-trung-quoc-1377907.html\" rel=\"\" style=\"box-sizing: border-box; background-color: transparent; color: rgb(0, 115, 159); text-decoration-line: none; display: inline; transition: all 0.2s ease-out 0s; line-height: 30px !important;\" target=\"_blank\">Tổng thống Duterte được tiêm vắc xin</a>&nbsp;Covid-19 của Sinopharm (Trung Quốc). Việc tiêm vắc xin này được cho là khá bất ngờ vì ông Duterte đã trì hoãn đề nghị ông tiêm vắc xin ngừa Covid-19 một công khai để gia tăng niềm tin về vắc xin trong dân chúng.<span style=\"font-family:sans-serif,arial,verdana,trebuchet ms; font-size:13px; text-align:center\">&nbsp;</span></p>\r\n</div>\r\n</div>', 'UDTSP_vaccine_znvy.jpg', 1, 0, 10, '2021-05-24 13:22:11', '2021-05-24 13:22:11'),
(13, 'Độc đáo món mì Quảng bắp giò thu hút thực khách hơn 20 năm tại Sài Gòn', 'doc-dao-mon-mi-quang-bap-gio-thu-hut-thuc-khach-hon-20-nam-tai-sai-gon', 'Không chỉ có phần bắp giò hấp dẫn, món mì Quảng tại quán của chị Yến còn cuốn hút nhiều thực khách bởi phần nước dùng, rau ăn kèm và bánh tráng chiên độc đáo.', 'Bảo Bảo', '<h1><strong>Độc đáo món mì Quảng bắp giò thu hút thực khách hơn 20 năm tại Sài Gòn</strong></h1>\r\n\r\n<p><span style=\"color:rgb(187, 187, 187); font-family:tno,helvetica neue,helvetica,arial,sans-serif; font-size:16px\">Không chỉ có phần bắp giò hấp dẫn, món mì Quảng tại quán của chị Yến còn cuốn hút nhiều thực khách bởi phần nước dùng, rau ăn kèm và bánh tráng chiên độc đáo.</span></p>\r\n\r\n<p><span style=\"color:rgb(17, 17, 17); font-family:tno,helvetica neue,helvetica,arial,sans-serif; font-size:18px\">Dù nằm sâu trong một con hẻm nhỏ trên đường&nbsp;</span><a href=\"https://thanhnien.vn/cach-mang-thang-8/\" rel=\"\" style=\"box-sizing: border-box; color: rgb(0, 115, 159); text-decoration-line: none; display: inline; transition: all 0.2s ease-out 0s; font-size: 18px; font-family: Tno, &quot;Helvetica Neue&quot;, Helvetica, Arial, sans-serif; line-height: 30px !important;\">Cách Mạng Tháng 8</a><span style=\"color:rgb(17, 17, 17); font-family:tno,helvetica neue,helvetica,arial,sans-serif; font-size:18px\">, quận Tân Bình, TP.HCM thế nhưng quán&nbsp;</span><a href=\"https://thanhnien.vn/video/mon-ngon/la-mieng-voi-mon-mi-quang-tron-o-sai-gon-149954.html\" rel=\"\" style=\"box-sizing: border-box; color: rgb(0, 115, 159); text-decoration-line: none; display: inline; transition: all 0.2s ease-out 0s; font-size: 18px; font-family: Tno, &quot;Helvetica Neue&quot;, Helvetica, Arial, sans-serif; line-height: 30px !important;\" target=\"_blank\">mì Quảng</a><span style=\"color:rgb(17, 17, 17); font-family:tno,helvetica neue,helvetica,arial,sans-serif; font-size:18px\">&nbsp;bắp giò của chị Yến trong 18 năm qua luôn khiến nhiều thực khách tại Sài Gòn phải nhớ đến. Mì Quảng bắp giò tại đây có nhiều sự khác biệt với những món mì Quảng thường thấy tại Sài Gòn.</span></p>\r\n\r\n<p><span style=\"color:rgb(17, 17, 17); font-family:tno,helvetica neue,helvetica,arial,sans-serif; font-size:18px\">Đầu tiên chính là phần bắp giò được bó chặt và nấu cùng nước dùng mì Quảng vô cùng độc đáo, thực khách đến quán sẽ chỉ có hai sự lựa chọn là bắp giò và móng giò heo.</span></p>\r\n\r\n<p><span style=\"color:rgb(17, 17, 17); font-family:tno,helvetica neue,helvetica,arial,sans-serif; font-size:18px\">Nhắc đến&nbsp;</span><a href=\"https://thanhnien.vn/video/mon-ngon/quan-mi-tron-muoi-ot-noi-tieng-ban-gan-10-thung-mi-moi-ngay-150834.html\" rel=\"\" style=\"box-sizing: border-box; color: rgb(0, 115, 159); text-decoration-line: none; display: inline; transition: all 0.2s ease-out 0s; font-size: 18px; font-family: Tno, &quot;Helvetica Neue&quot;, Helvetica, Arial, sans-serif; line-height: 30px !important;\" target=\"_blank\">mì</a><span style=\"color:rgb(17, 17, 17); font-family:tno,helvetica neue,helvetica,arial,sans-serif; font-size:18px\">&nbsp;Quảng là nhắc đến một món ăn có phần hạn chế về lượng nước dùng có trong mỗi tô mì, thế nhưng với món mì Quảng tại quán của chị Yến thì trái ngược hoàn toàn, mỗi tô mì Quảng tại đây có lượng nước dùng đi kèm khá nhiều, cùng với đó thì chị Yến cũng rất sẵn lòng phục vụ thêm miễn phí nước dùng nếu thực khách cần.</span></p>\r\n\r\n<p><span style=\"color:rgb(17, 17, 17); font-family:tno,helvetica neue,helvetica,arial,sans-serif; font-size:18px\">Phần&nbsp;</span><a href=\"https://thanhnien.vn/video/mon-ngon/co-lan-banh-trang-tron-moi-ngay-ban-20kg-nuoi-chong-va-con-bi-tam-than-156039.html\" rel=\"\" style=\"box-sizing: border-box; color: rgb(0, 115, 159); text-decoration-line: none; display: inline; transition: all 0.2s ease-out 0s; font-size: 18px; font-family: Tno, &quot;Helvetica Neue&quot;, Helvetica, Arial, sans-serif; line-height: 30px !important;\" target=\"_blank\">bánh tráng</a><span style=\"color:rgb(17, 17, 17); font-family:tno,helvetica neue,helvetica,arial,sans-serif; font-size:18px\">&nbsp;chiên giòn cũng được xem là chi tiết tạo ra sự khác biệt cho tô mì Quảng bắp giò ở quán chị Yến, bánh tráng mè tại quán được mang đi chiên phồng và giòn thay vì được mang đi nướng như những quán mì Quảng khác. Dù là chiên thế nhưng theo nhận xét của nhiều người, phần bánh tráng không bị ngấm dầu mà ngược lại còn có độ béo, rất bắt vị khi ăn cùng mì Quảng.</span></p>', '9hNvD_mi-quang-chi-yen-22052021_fski.jpg', 1, 0, 23, '2021-05-24 13:25:33', '2021-05-24 13:25:33'),
(14, 'Tông thư thiết lập thừa tác vụ Giáo lý viên Antiquum ministerium', 'tong-thu-thiet-lap-thua-tac-vu-giao-ly-vien-antiquum-ministerium', 'Tông thư thiết lập thừa tác vụ Giáo lý viên Antiquum ministerium', 'Vatican News', '<h1>Tông thư thiết lập thừa tác vụ Giáo lý viên Antiquum ministerium</h1>\r\n\r\n<div class=\"article__subTitle\" style=\"box-sizing: border-box; margin: 0px 0px 25px; padding: 0px 30px; -webkit-tap-highlight-color: rgba(0, 0, 0, 0); font-size: 19px; line-height: 24px; color: rgb(100, 100, 100); width: 748px; font-family: Arial, sans-serif;\">Ngày 11/5/2021, ĐTC Phanxicô ban hành Tông thư dưới dạng Tự sắc Antiquum ministerium - Thừa tác vụ cổ kính - thiết lập thừa tác vụ Giáo lý viên.</div>\r\n\r\n<div class=\"title__separator\" style=\"box-sizing: border-box; margin: 0px 30px 25px; padding: 0px; -webkit-tap-highlight-color: rgba(0, 0, 0, 0); border-bottom: 1px solid rgb(240, 240, 240); color: rgb(55, 55, 55); font-family: Arial, sans-serif; font-size: 14px;\">&nbsp;</div>\r\n\r\n<div class=\"article__text \" style=\"box-sizing: border-box; margin: 0px 0px 25px; padding: 0px 30px; -webkit-tap-highlight-color: rgba(0, 0, 0, 0); position: relative; font-size: 16px; line-height: 28px; width: 748px; color: rgb(55, 55, 55); font-family: Arial, sans-serif;\">\r\n<p style=\"text-align:center\">TÔNG THƯ<br />\r\nDƯỚI DẠNG TỰ SẮC<br />\r\nCỦA ĐỨC THÁNH CHA PHANXICÔ</p>\r\n\r\n<p style=\"text-align:center\"><strong><em>ANTIQUUM MINISTERIUM</em></strong><br />\r\n<em>THỪA TÁC VỤ CỔ KÍNH</em></p>\r\n\r\n<p style=\"text-align:center\">THIẾT LẬP<br />\r\n<strong>THỪA TÁC VỤ GIÁO LÝ VIÊN</strong></p>\r\n\r\n<p>1.&nbsp;&nbsp;&nbsp; Thừa tác vụ của Giáo lý viên trong Giáo hội là một thừa tác vụ cổ kính. Cách chung các nhà thần học cho rằng những mẫu gương đầu tiên đã có trong các bản văn Tân Ước. Việc dạy giáo lý đã khởi sự từ “các thầy dạy”, được Thánh Tông Đồ đề cập đến trong thư gửi cộng đoàn Cô-rin-tô: “Trong Hội Thánh, Thiên Chúa đã đặt một số người, thứ nhất là các Tông Đồ, thứ hai là các ngôn sứ, thứ ba là các thầy dạy, rồi đến những người được ơn làm phép lạ, được những đặc sủng để chữa bệnh, để giúp đỡ người khác, để quản trị, để nói các thứ tiếng lạ. Chẳng lẽ ai cũng là tông đồ? Chẳng lẽ ai cũng là ngôn sứ, ai cũng là thầy dạy sao? Chẳng lẽ ai cũng được ơn làm phép lạ, ai cũng được ơn chữa bệnh sao? Chẳng lẽ ai cũng nói được các tiếng lạ, ai cũng giải thích được các tiếng lạ sao? Trong các ân huệ của Thiên Chúa, anh em cứ tha thiết tìm những ơn cao trọng nhất. Nhưng đây tôi xin chỉ cho anh em con đường trổi vượt hơn cả” (1&nbsp;<em>Cr</em>&nbsp;12,28-31).</p>\r\n\r\n<p>Thánh Lu-ca khởi đầu Tin Mừng của ngài bằng những lời này: “Thưa ngài Thê-ô-phi-lô đáng kính, sau khi đã cẩn thận tra cứu đầu đuôi mọi sự, thì thiết tưởng cũng nên tuần tự viết ra để kính tặng ngài, mong ngài sẽ nhận thức được rằng giáo huấn ngài đã học hỏi thật là vững chắc” (<em>Lc&nbsp;</em>1,3-4). Có lẽ Thánh sử ý thức rõ rằng những điều ngài viết ra cung cấp một hình thức giảng dạy đặc biệt vốn có thể mang lại sự bảo đảm chắc chắn cho những người đã được rửa tội. Còn Tông đồ Phao-lô thì nói với các tín hữu Ga-la-ta rằng: “Người được học Lời Chúa hãy chia sẻ mọi của cải với người dạy dỗ mình” (<em>Gl</em>&nbsp;6,6). Như một chứng cứ, bản văn này còn cống hiến một chi tiết khác, khi nói về sự hiệp thông đời sống như dấu chỉ hoa trái của việc dạy giáo lý đích thực.</p>\r\n\r\n<p>2.&nbsp;&nbsp;&nbsp; Ngay từ những ngày đầu, cộng đoàn Kitô hữu đã biết đến một hình thức thừa tác vụ phổ biến, được những người nam và nữ đảm nhận. Những người này, nhờ tác động của Chúa Thánh Thần, đã hiến trọn đời mình để xây dựng Giáo hội. Đôi khi, các đặc sủng mà Chúa Thánh Thần không ngừng tuôn đổ trên những người đã được rửa tội đã mặc lấy một hình thức phục vụ trực tiếp cộng đoàn Kitô hữu, cách cụ thể và rõ ràng, qua nhiều hình thức biểu hiện khác nhau, và được nhìn nhận như một công việc phục vụ không thể thiếu cho cộng đoàn. Tông đồ Phao-lô chứng thực điều này một cách đầy thẩm quyền khi nói: “Có nhiều đặc sủng khác nhau, nhưng chỉ có một Thần Khí. Có nhiều việc phục vụ khác nhau, nhưng chỉ có một Chúa. Có nhiều hoạt động khác nhau, nhưng vẫn chỉ có một Thiên Chúa làm mọi sự trong mọi người. Thần Khí tỏ mình ra nơi mỗi người một cách, là vì ích chung. Người thì được Thần Khí ban cho ơn khôn ngoan để giảng dạy, người thì được Thần Khí ban cho ơn hiểu biết để trình bày. Kẻ thì được Thần Khí ban cho lòng tin; kẻ thì cũng được chính Thần Khí duy nhất ấy ban cho những đặc sủng để chữa bệnh. Người thì được ơn làm phép lạ, người thì được ơn nói tiên tri; kẻ thì được ơn phân định thần khí; kẻ khác thì được ơn nói các thứ tiếng lạ; kẻ khác nữa lại được ơn giải thích các tiếng lạ. Nhưng chính Thần Khí duy nhất ấy làm ra tất cả những điều đó và phân chia cho mỗi người mỗi cách, tùy theo ý của Người.” (1&nbsp;<em>Cr</em>&nbsp;12,4-11).</p>\r\n\r\n<p>Vì thế, trong truyền thống đặc sủng rộng lớn của Tân Ước, chúng ta có thể nhận ra sự hiện diện tích cực của những người đã được rửa tội. Họ thi hành tác vụ thông truyền giáo huấn của các Tông đồ và các Thánh sử một cách có tổ chức, thường xuyên và gắn kết với những hoàn cảnh sống khác nhau (x. VATICANÔ II,&nbsp;<em>Hiến chế tín lý về Mạc Khải Thiên Chúa&nbsp;</em>[Dei Verbum], 8). Giáo hội muốn nhìn nhận việc phục vụ này như một diễn tả cụ thể đặc sủng cá nhân vốn góp phần to lớn vào việc thực thi sứ vụ phúc âm hóa. Việc nhìn vào đời sống của những cộng đoàn Kitô hữu đầu tiên dấn thân vào việc loan báo và phát triển Tin Mừng, còn thôi thúc Giáo hội trong thời đại chúng ta biết nhận ra những hình thức mới mẻ khả thi, nhờ đó Giáo hội tiếp tục trung thành với Lời Chúa, hầu có thể rao giảng Tin Mừng của Ngài cho mọi loài thụ tạo.</p>\r\n\r\n<p>3.&nbsp;&nbsp;&nbsp; Lịch sử của việc phúc âm hóa suốt hai thiên niên kỷ qua cho thấy rõ sự hữu hiệu của sứ vụ giáo lý viên. Các giám mục, linh mục và phó tế, cùng với những người nam và nữ sống đời thánh hiến, đã dâng trọn cuộc đời cho việc dạy giáo lý, để đức tin có thể trở nên sự nâng đỡ hữu hiệu cho đời sống của mỗi người. Một số trong các vị này cũng tập họp xung quanh mình những anh chị em khác có cùng đặc sủng, và lập nên những hội dòng toàn hiến cho việc dạy giáo lý.</p>\r\n\r\n<p>Chúng ta không thể quên vô số giáo dân nam nữ tham gia trực tiếp vào sứ vụ rao giảng Tin Mừng qua việc dạy giáo lý. Họ là những người nam và nữ có đức tin sâu xa, những chứng nhân đích thực của sự thánh thiện, trong một số trường hợp cũng là những vị sáng lập các Giáo hội và cuối cùng đã chết như các vị tử đạo. Ngày nay cũng vậy, nhiều giáo lý viên có khả năng và tận tụy là những người lãnh đạo cộng đoàn trong những miền khác nhau của thế giới và thực hiện một sứ vụ vô giá là truyền thụ và làm tăng trưởng đức tin. Một dòng dõi thật dài các chân phước, các thánh và các vị tử đạo từng là giáo lý viên đã thăng tiến vượt bực sứ mạng của Giáo hội và đáng được công nhận, vì họ là nguồn phong phú không chỉ cho việc dạy giáo lý, mà còn cho toàn bộ lịch sử linh đạo Kitô giáo.</p>\r\n\r\n<p>4.&nbsp;&nbsp;&nbsp; Từ Công đồng Đại kết Vaticanô II, Giáo hội đề cao tầm quan trọng của việc giáo dân dấn thân trong hoạt động phúc âm hóa. Các Nghị Phụ của Công Đồng nhiều lần nhấn mạnh đến nhu cầu lớn lao làm cho Kitô hữu giáo dân được tham gia trực tiếp vào việc gầy dựng Giáo hội (plantatio Ecclesiae) và việc phát triển cộng đoàn Kitô hữu, bằng những hình thức khác nhau, qua đó, đặc sủng của họ có thể được diễn tả. “Cũng thế, liên quan đến việc truyền giáo cho lương dân, phải thật sự đề cao công lao to lớn của đội ngũ giảng viên giáo lý, nam cũng như nữ, những người thấm nhuần tinh thần tông đồ, đã vất vả rất nhiều để mang lại sự trợ giúp đặc biệt và vô cùng cần thiết cho việc truyền bá đức tin và mở rộng Giáo hội. Hiện nay, vì số giáo sĩ không đủ để đáp ứng cho việc rao giảng Tin Mừng cũng như thi hành mục vụ cho lượng người quá đông, nên phận vụ của các giảng viên giáo lý lại càng trở nên quan trọng hơn” (x. VATICANÔ II,&nbsp;<em>Sắc lệnh về hoạt động truyền giáo của Giáo hội</em>&nbsp;[Ad Gentes], 17).</p>\r\n\r\n<p>Cùng với giáo huấn quan trọng của Công Đồng, cần nói đến mối quan tâm thường xuyên của các Đức Giáo hoàng, Thượng Hội đồng Giám mục, các Hội đồng Giám mục và cá nhân các Giám mục là những người đã góp phần canh tân đáng kể cho việc dạy giáo lý trong những thập niên gần đây.&nbsp;<em>Sách Giáo Lý của Hội Thánh Công Giáo</em>,&nbsp;<em>Tông huấn Dạy giáo lý</em>&nbsp;(Catechesi Tradendae),&nbsp;<em>Hướng dẫn Giáo lý Tổng quát</em>,&nbsp;<em>Hướng dẫn Tổng quát việc Dạy giáo lý</em>, và&nbsp;<em>Chỉ nam Huấn giáo</em>&nbsp;mới đây, cũng như những sách giáo lý cấp quốc gia, miền và giáo phận, đã minh định giá trị trung tâm của việc dạy giáo lý vốn dành ưu tiên cho việc giáo dục và huấn luyện thường xuyên các tín hữu.</p>\r\n\r\n<p>5.&nbsp;&nbsp;&nbsp; Không làm suy giảm sứ mạng của Giám mục như là giáo lý viên đầu tiên trong Giáo phận của ngài, sứ mạng mà ngài chia sẻ với linh mục đoàn của ngài, cũng không làm suy giảm trách nhiệm riêng của các bậc cha mẹ trong việc giáo dục Kitô giáo cho con cái của họ (x.&nbsp;<em>CIC</em>&nbsp;774 khoản 2;&nbsp;<em>CCEO</em>&nbsp;618), nhưng cần công nhận vai trò của những giáo dân, nam cũng như nữ, trong tư cách những người đã được rửa tội, ý thức mình được mời gọi cộng tác vào việc dạy giáo lý (x.&nbsp;<em>CIC</em>&nbsp;225;&nbsp;<em>CCEO&nbsp;</em>401 &amp; 406). Sự hiện diện của họ ngày nay còn khẩn thiết hơn, vì có sự tiến triển trong nhận thức về nhu cầu phúc âm hóa trong thế giới đương thời (x.&nbsp;<em>Tông huấn Niềm vui của Tin Mừng&nbsp;</em>[Evangelii Gaudium], 163-168), và sự trỗi dậy của nền văn hóa mang tính toàn cầu hóa (x.&nbsp;<em>Thông điệp về tình Huynh đệ và tình Bằng hữu xã hội&nbsp;</em>[Fratelli Tutti], 100. 138). Điều đó đòi hỏi sự tương tác chân thực với những người trẻ, mà không quên nhu cầu phải có những phương pháp luận sáng tạo và những cách thế có khả năng thích ứng việc loan báo Tin Mừng với sự biến đổi mang tính truyền giáo mà Giáo hội đã đảm nhận. Trung thành với quá khứ và trách nhiệm đối với hiện tại là những điều kiện cần thiết cho Giáo hội thực hiện sứ mạng của mình trong thế giới.</p>\r\n\r\n<p>Khơi dậy lòng nhiệt thành cá nhân của mọi người đã được rửa tội và hồi sinh nhận thức của họ về lời gọi thực thi sứ vụ riêng trong cộng đoàn, đòi hỏi phải lắng nghe tiếng nói của Chúa Thánh Thần, Đấng luôn hiện diện và làm trổ sinh hoa trái thiêng liêng (x.&nbsp;<em>CIC</em>&nbsp;774 khoản 1;<em>&nbsp;CCEO</em>&nbsp;617). Ngày nay cũng vậy, Chúa Thánh Thần kêu gọi những người nam và người nữ ra đi và gặp gỡ tất cả những người đang mong đợi khám phá vẻ đẹp, sự thiện hảo và sự thật của đức tin Kitô giáo. Các chủ chăn có nhiệm vụ nâng đỡ họ trong tiến trình này và làm cho cuộc sống của cộng đoàn Kitô hữu được phong phú nhờ nhận ra những thừa tác vụ giáo dân có khả năng góp phần vào sự biến đổi xã hội, bằng cách “đem các giá trị Kitô giáo thấm nhập các lãnh vực xã hội, chính trị và kinh tế” (<em>Niềm vui của Tin Mừng,</em>&nbsp;102).</p>\r\n\r\n<p>6.&nbsp;&nbsp;&nbsp; Tông đồ giáo dân chắc hẳn có tính chất “trần thế”. Sứ vụ này đòi hỏi giáo dân “tìm kiếm vương quốc Thiên Chúa bằng cách dấn thân vào các việc trần thế và xếp đặt chúng theo ý Thiên Chúa” (x. VATICANÔ II,&nbsp;<em>Hiến chế tín lý về Giáo hội&nbsp;</em>[Lumen Gentium], 31). Trong cuộc sống thường ngày của họ, được dệt nên bởi các mối tương quan gia đình và xã hội, giáo dân phải nhận ra rằng họ “được đặc biệt kêu mời làm cho Giáo hội hiện diện và tác động trong những nơi chốn và môi trường mà chỉ nhờ họ Giáo hội mới có thể trở thành muối của trần gian” (sđd., 33). Tuy vậy, chúng ta cần nhớ rằng cùng với hoạt động tông đồ này, “giáo dân cũng có thể được mời gọi góp phần trực tiếp hơn vào hoạt động tông đồ của hàng giáo phẩm bằng nhiều cách, giống như những giáo dân nam nữ đã từng lao nhọc trong Chúa Kitô để giúp đỡ Tông đồ Phao-lô rao giảng Tin Mừng” (sđd., 33).</p>\r\n\r\n<p>Vai trò các giáo lý viên nắm giữ là hình thức phục vụ chuyên biệt giữa những hình thức khác trong cộng đoàn Kitô hữu. Các giáo lý viên được kêu gọi trước hết là chuyên viên trong mục vụ truyền đạt đức tin, được khai triển qua những giai đoạn khác nhau, từ việc loan báo tiên khởi lời rao giảng Tin Mừng đầu tiên (kerygma) đến việc hướng dẫn đời sống mới của chúng ta trong Đức Kitô và chuẩn bị cho các Bí tích khai tâm Kitô giáo, rồi đến việc huấn luyện thường xuyên vốn có thể cho phép mỗi người giải thích niềm hy vọng trong lòng họ (x. 1&nbsp;<em>Pr</em>&nbsp;3,15). Đồng thời, mỗi giáo lý viên phải là một nhân chứng của đức tin, một thầy dạy và một người khai dẫn vào mầu nhiệm (mystagogue), một người đồng hành và một nhà giáo dục, người giảng dạy nhân danh Giáo hội. Chỉ nhờ cầu nguyện, học hỏi và trực tiếp tham dự vào đời sống cộng đoàn, họ mới có thể lớn lên trong căn tính này cũng như trong sự toàn vẹn và trách nhiệm bao hàm trong căn tính ấy (x. HỘI ĐỒNG GIÁO HOÀNG CHO VIỆC THĂNG TIẾN CÔNG CUỘC TÂN PHÚC ÂM HÓA,&nbsp;<em>Chỉ nam Huấn giáo</em>, 113).</p>\r\n\r\n<p>7.&nbsp;&nbsp;&nbsp; Với tầm nhìn rất xa, Thánh Phao-lô VI đã ban hành&nbsp;<em>Tông thư</em>&nbsp;<em>Ministeria Quaedam</em>&nbsp;(Một số thừa tác vụ) với ý định không chỉ thích nghi các thừa tác vụ Đọc sách và Giúp lễ với những hoàn cảnh lịch sử thay đổi (x.&nbsp;<em>Tông thư</em>&nbsp;<em>Thần Khí của Thiên Chúa&nbsp;</em>[Spiritus Domini]), nhưng còn khuyến khích các Hội đồng Giám mục cổ võ cho các thừa tác vụ khác, bao gồm thừa tác vụ Giáo lý viên. “Thêm vào những thừa tác vụ chung cho toàn thể Giáo hội La Tinh, không có gì ngăn cản các Hội đồng Giám mục xin phép Tòa Thánh để thiết lập những thừa tác vụ khác, vì những lý do riêng, được xem là cần thiết hay rất ích lợi trong vùng miền của các ngài. Chẳng hạn, trong số những thừa tác vụ này, có các thừa tác vụ<em>&nbsp;Giữ cửa, Trừ quỷ&nbsp;</em>và<em>&nbsp;Dạy giáo lý.&nbsp;</em>Lời mời gọi tha thiết này cũng được tìm thấy trong&nbsp;<em>Tông huấn Loan báo Tin Mừng</em>&nbsp;[Evangelii Nuntiandi]; khi kêu gọi phân định những nhu cầu hiện tại của cộng đoàn Giáo hội trong sự tiếp nối trung thành với những cội nguồn của mình, Đức Thánh cha khuyến khích phát triển những hình thức thừa tác vụ mới cho hoạt động mục vụ được đổi mới. “Những thừa tác vụ như thế, tuy có vẻ mới mẻ nhưng gắn liền với những kinh nghiệm mà Giáo hội đã trải qua trong suốt lịch sử, chẳng hạn như thừa tác vụ giáo lý viên… đều quý giá cho việc thiết lập, cho đời sống và sự tăng trưởng của Giáo hội cũng như cho khả năng tác động của Giáo hội trên những người xung quanh và đến với những người ở xa Giáo hội” (THÁNH PHAOLÔ VI,&nbsp;<em>Tông huấn Loan báo Tin Mừng&nbsp;</em>[Evangelii Nuntiandi], 73).</p>\r\n\r\n<p>Chắc hẳn “đã có sự ý thức ngày càng nhiều hơn về căn tính và sứ mạng của giáo dân trong Giáo hội. Thực vậy, chúng ta có thể cậy dựa vào nhiều giáo dân, dù hầu như vẫn chưa đủ, là những người có một cảm thức sâu xa về cộng đoàn và một sự trung thành lớn lao đối với các nhiệm vụ bác ái, dạy giáo lý và cử hành đức tin” (<em>Tông huấn Niềm vui của Tin Mừng&nbsp;</em>[Evangelii Gaudium], 102). Hệ quả là việc tiếp nhận thừa tác vụ giáo dân, như thừa tác vụ Giáo lý viên chẳng hạn, sẽ nhấn mạnh hơn nữa việc dấn thân truyền giáo vốn thuộc sứ vụ của mỗi người đã được rửa tội, dù việc dấn thân này phải được thực hiện một cách hoàn toàn “trần thế”, tránh bất cứ hình thức giáo sĩ hóa nào.</p>\r\n\r\n<p>8.&nbsp;&nbsp;&nbsp; Thừa tác vụ này rõ ràng có khía cạnh ơn gọi, như được minh chứng bởi&nbsp;<em>Nghi thức Thiết lập</em>, và do đó kêu gọi sự phân định thích đáng của Giám mục. Thực vậy, thừa tác vụ này là một hình thức phục vụ bền vững dành cho Giáo hội địa phương, tương ứng với những nhu cầu mục vụ được Bản Quyền địa phương xác định, nhưng hình thức phục vụ này được thực hiện như công việc của giáo dân, như bản chất của thừa tác vụ đòi hỏi. Điều thích đáng là những người được kêu gọi vào thừa tác vụ Giáo lý viên được thiết lập phải là những người nam và nữ có một đức tin sâu xa và trưởng thành nhân bản, tham dự tích cực vào đời sống cộng đoàn Kitô hữu, có khả năng tiếp đón, quảng đại và đời sống hiệp thông huynh đệ. Họ cũng cần được huấn luyện về Thánh Kinh, thần học, mục vụ và sư phạm để trở thành những người có khả năng thông truyền sự thật của đức tin và là những người đã có kinh nghiệm dạy giáo lý (x. VATICANÔ II,&nbsp;<em>Sắc lệnh về Nhiệm vụ Mục tử của các Giám mục trong Giáo hội&nbsp;</em>[Christus Dominus], 14;&nbsp;<em>CIC</em>&nbsp;231 khoản 1;&nbsp;<em>CCEO</em>&nbsp;409 khoản 1). Là những cộng sự viên trung thành của các linh mục và phó tế, điều thiết yếu là họ phải sẵn sàng thi hành sứ vụ của mình bất cứ nơi nào cần đến sứ vụ này, và họ phải được thúc đẩy bởi lòng nhiệt thành tông đồ.</p>\r\n\r\n<p>Vì vậy, sau khi đã suy xét mọi sự, và với năng quyền tông tòa,&nbsp;<br />\r\n<strong>tôi thiết lập thừa tác vụ Giáo lý viên giáo dân.</strong></p>\r\n\r\n<p>Bộ Phụng tự và Kỷ luật Bí tích sẽ sớm ban hành Nghi thức Thiết lập thừa tác vụ Giáo lý viên giáo dân.</p>\r\n\r\n<p>9.&nbsp;&nbsp;&nbsp; Vì thế, tôi mời gọi các Hội đồng Giám mục làm cho thừa tác vụ Giáo lý viên nên hiệu quả, bằng cách xác định tiến trình huấn luyện cần thiết và tiêu chuẩn mang tính quy phạm cho việc tiếp nhận vào thừa tác vụ này, cũng như đặt ra những hình thức thích hợp nhất cho việc phục vụ mà những người nam và người nữ sẽ được kêu gọi để thực thi, phù hợp với nội dung của Tông Thư này.</p>\r\n\r\n<p>10. Các Thượng Hội đồng Giám mục của các Giáo hội Đông Phương hay các Hội nghị Giáo phẩm có thể thích nghi thừa tác vụ được thiết lập ở đây với các Giáo hội đặc thù của mình, phù hợp với luật riêng của mỗi Giáo hội.</p>\r\n\r\n<p>11. Các giám mục nên cố gắng tuân theo lời khuyên của các Nghị phụ Công đồng: “Các chủ chăn... biết rằng mình được Đức Kitô thiết lập không phải để chỉ riêng các ngài lãnh lấy tất cả sứ mệnh cứu độ của Giáo hội đối với thế giới, nhưng để nhận lãnh phận vụ cao cả là chăn dắt các tín hữu và nhìn nhận các phận vụ và đặc sủng của họ, để mọi người theo cách thức riêng của mình, đồng lòng cộng tác vào trọng trách chung này” (<em>Hiến chế tín lý về Giáo hội</em>&nbsp;[Lumen Gentium], 30). Ước gì sự phân định các ân huệ mà Chúa Thánh Thần không ngừng ban cho Giáo hội, sẽ nâng đỡ nỗ lực của các ngài trong việc làm cho thừa tác vụ Giáo lý viên giáo dân nên hiệu quả, vì sự tăng trưởng của các cộng đoàn của các ngài.</p>\r\n\r\n<p>Tôi truyền rằng những điều được quy định trong Tông Thư dưới dạng Tự Sắc này có hiệu lực chính thức và bền vững, bất chấp tất cả những gì trái ngược, dù đáng kể tới đâu, đồng thời được công bố trên báo&nbsp;<em>Quan sát viên Rô-ma</em>&nbsp;(L’Osservatore Romano), có hiệu lực cùng ngày, và được phát hành sau đó trong&nbsp;<em>Công Báo</em>&nbsp;<em>Tòa Thánh</em>&nbsp;(Acta Apostolicae Sedis)</p>\r\n\r\n<p><em>Ban hành tại Rô-ma, cạnh Đền thờ Thánh Gio-an La-tê-ra-nô, ngày 10 tháng 5 năm 2021, nhằm ngày lễ nhớ Thánh Gio-an thành A-vi-la, Linh mục và Tiến sĩ Hội Thánh, năm thứ Chín triều đại giáo hoàng của tôi.</em></p>\r\n\r\n<p><strong>©&nbsp;</strong>Bản dịch của Ủy ban Giáo lý Đức tin trực thuộc Hội đồng Giám mục Việt Nam</p>\r\n</div>', '4voj1_TNTT_Vinh_10.jpg', 1, 0, 19, '2021-05-24 13:27:37', '2021-05-24 13:32:03'),
(15, 'Thông báo V/v hạn chế sinh hoạt mục vụ trong tình trạng dịch bệnh ngày 9-2-2021', 'thong-bao-v-v-han-che-sinh-hoat-muc-vu-trong-tinh-trang-dich-benh-ngay-9-2-2021', 'Thông báo V/v hạn chế sinh hoạt mục vụ trong tình trạng dịch bệnh ngày 9-2-2021', 'TGPSG', '<p style=\"text-align:justify\"><span style=\"font-size:20px\"><span style=\"font-family:roboto; font-size:16pt !important\"><span style=\"font-family:roboto,tahoma,arial,sans-serif !important; font-size:16pt !important\"><strong><span style=\"color:blue; font-size:16pt !important\">TÒA&nbsp;TỔNG GIÁM MỤC</span></strong><br />\r\n<span style=\"color:blue; font-size:16pt !important\">180 Nguyễn Đình Chiểu - Quận 3</span><br />\r\n<span style=\"color:blue; font-size:16pt !important\">THÀNH PHỐ HỒ CHÍ MINH</span><br />\r\n<span style=\"color:blue; font-size:16pt !important\">(84.28) 3930 3828</span><br />\r\n<span style=\"color:blue; font-size:16pt !important\">E.mail : tgmsaigon@gmail.com</span></span></span></span></p>\r\n\r\n<p style=\"text-align:justify\"><span style=\"font-size:12pt\"><span style=\"font-family:times new roman,serif; font-size:16pt !important\"><span style=\"font-family:roboto,tahoma,arial,sans-serif !important; font-size:16pt\">Số: 231.4_210209_01</span></span></span></p>\r\n\r\n<p style=\"text-align:justify\">&nbsp;</p>\r\n\r\n<p style=\"text-align:center\"><span style=\"color:#FF0000\"><span style=\"font-size:12pt\"><span style=\"font-family:times new roman,serif; font-size:16pt !important\"><strong><span style=\"font-family:roboto,tahoma,arial,sans-serif !important; font-size:16pt\">THÔNG BÁO</span></strong></span></span></span><br />\r\n<span style=\"font-size:12pt\"><span style=\"font-family:times new roman,serif; font-size:16pt !important\"><em><span style=\"font-family:roboto,tahoma,arial,sans-serif !important; font-size:16pt\">V/v hạn chế sinh hoạt mục vụ trong tình trạng dịch bệnh</span></em></span></span></p>\r\n\r\n<p style=\"text-align:justify\"><span style=\"font-size:12pt\"><span style=\"font-family:times new roman,serif; font-size:16pt !important\"><span style=\"font-family:roboto,tahoma,arial,sans-serif !important; font-size:16pt\">Kính thưa quý Cha và các Cộng đoàn,</span></span></span></p>\r\n\r\n<p style=\"text-align:justify\"><span style=\"font-size:12pt\"><span style=\"font-family:times new roman,serif; font-size:16pt !important\"><span style=\"font-family:roboto,tahoma,arial,sans-serif !important; font-size:16pt\">Dịch Covid đã bùng phát tại thành phố chúng ta với hàng chục ca nhiễm trong cộng đồng. Chính quyền thành phố đã quyết định từ 12 giờ ngày 9/2/2021 phải tạm dừng một số dịch vụ không thiết yếu và hạn chế các hoạt động công cộng có nguy cơ lây nhiễm cao, bao gồm cả các nghi lễ tôn giáo.</span></span></span></p>\r\n\r\n<p style=\"text-align:justify\"><span style=\"font-size:12pt\"><span style=\"font-family:times new roman,serif; font-size:16pt !important\"><span style=\"font-family:roboto,tahoma,arial,sans-serif !important; font-size:16pt\">Để bảo đảm an toàn sức khỏe cho cộng đồng và cộng tác tích cực với mọi thành phần xã hội trong cuộc chiến chống dịch bệnh, Tòa Tổng giám mục đề nghị quý Cha, các Cộng đoàn giáo xứ và dòng tu chấp hành triệt để quyết định và tuân thủ nguyên tắc 5K của ngành y tế: Khẩu trang – Khử khuẩn – Khoảng cách – Không tập trung – Khai báo y tế.</span></span></span></p>\r\n\r\n<p style=\"text-align:justify\"><span style=\"font-size:12pt\"><span style=\"font-family:times new roman,serif; font-size:16pt !important\"><span style=\"font-family:roboto,tahoma,arial,sans-serif !important; font-size:16pt\">Trong thời gian hạn chế cử hành phụng vụ tập trung, các tín hữu được miễn chuẩn bổn phận tham dự thánh lễ ngày Chúa nhật. Tuy nhiên, mọi người được khuyến khích tham dự thánh lễ trực tuyến hằng ngày tại Nhà thờ Chính tòa để hiệp thông với toàn thể Hội Thánh không ngừng cầu nguyện cho thế giới trong cơn đại dịch. Các tín hữu cần tham dự một cách ý thức, tích cực và trọn vẹn bằng việc chuẩn bị tâm hồn và y phục xứng hợp, có tư thế cử chỉ nghiêm trang, cùng với tâm tình yêu mến và ước ao kết hợp với Chúa qua việc rước lễ thiêng liêng, hiệp ý cầu nguyện với chủ tế.</span></span></span></p>\r\n\r\n<p style=\"text-align:justify\"><span style=\"font-size:12pt\"><span style=\"font-family:times new roman,serif; font-size:16pt !important\"><span style=\"font-family:roboto,tahoma,arial,sans-serif !important; font-size:16pt\">Về việc thực hiện thánh lễ trực tuyến, xin lưu ý quý Cha là chỉ nơi nào có phép của Giám mục mới được cử hành, như Ủy ban Phụng tự đã hướng dẫn: “Giám mục giáo phận chịu trách nhiệm đối với các chương trình trực tuyến thánh lễ để luật phụng vụ được tuân thủ cách đầy đủ” (x.&nbsp;<em>Ủy ban Phụng tự: Những lưu ý về trực tuyến</em></span><em><span style=\"font-family:roboto,tahoma,arial,sans-serif !important; font-size:16pt\">&nbsp;Thánh lễ</span></em><span style=\"font-family:roboto,tahoma,arial,sans-serif !important; font-size:16pt\">, số 2 -&nbsp;<a href=\"https://hdgmvietnam.com/chi-tiet/uy-ban-phung-tu-nhung-luu-y-ve-truc-tuyen-thanh-le-39456\" style=\"box-sizing: border-box; outline: none; background: 0px 0px; color: rgb(66, 139, 202); text-decoration-line: none; overflow-wrap: break-word;\" target=\"_blank\">xem tại đây</a>).</span></span></span></p>\r\n\r\n<p style=\"text-align:justify\"><span style=\"font-size:12pt\"><span style=\"font-family:times new roman,serif; font-size:16pt !important\"><span style=\"font-family:roboto,tahoma,arial,sans-serif !important; font-size:16pt\">Trong bối cảnh cả đất nước chào đón Năm mới Tân Sửu và Giáo Hội bước vào Mùa Chay thánh năm 2021, mọi thành phần dân Chúa trong Tổng Giáo phận chúng ta cùng dâng những khó khăn hiện tại và hy sinh của từng cá nhân hay cộng đoàn lên Thiên Chúa, xin Người chúc lành và giúp chúng ta biết sám hối và sống thánh thiện như lòng Chúa mong ước.</span></span></span></p>\r\n\r\n<p style=\"text-align:center\"><span style=\"font-size:12pt\"><span style=\"font-family:times new roman,serif; font-size:16pt !important\"><span style=\"font-family:roboto,tahoma,arial,sans-serif !important; font-size:16pt\">Tòa Tổng Giám mục, ngày 9 tháng 2 năm 2021<br />\r\nTL. Đức Tổng Giám mục</span><br />\r\n<em><span style=\"font-family:roboto,tahoma,arial,sans-serif !important; font-size:16pt\">(đã ký)</span></em><br />\r\n<span style=\"font-family:roboto,tahoma,arial,sans-serif !important; font-size:16pt\">Lm. Phêrô Kiều Công Tùng<br />\r\nChưởng Ấn</span></span></span></p>\r\n\r\n<div>&nbsp;</div>', 'rLTLO_09022021_115007.png', 1, 0, 1, '2021-05-24 14:09:30', '2021-05-26 12:21:41');
INSERT INTO `tintuc` (`id`, `TieuDe`, `TieuDeKhongDau`, `TomTat`, `TacGia`, `NoiDung`, `Hinh`, `NoiBat`, `SoLuotXem`, `idLoaiTin`, `created_at`, `updated_at`) VALUES
(18, 'Nam bác sĩ BV Bắc Thăng Long và 3 người ở T&T dương tính nCoV', 'nam-bac-si-bv-bac-thang-long-va-3-nguoi-o-t-t-duong-tinh-ncov', 'Nam bác sĩ BV Bắc Thăng Long và 3 người ở T&T dương tính nCoV', 'Thúy Hạnh', '<p><span style=\"font-size:14px\"><strong><span style=\"font-size:18px\">Nam bác sĩ BV Bắc Thăng Long và 3 người ở T&amp;T dương tính nCoV</span></strong><br />\r\nTối 24/5, Hà Nội công bố thêm 4 ca dương tính mới, trong đó có nam bác sĩ công tác tại Bệnh viện Bắc Thăng Long.<br />\r\nTrường hợp đầu tiên là nam bác sĩ T.H.H., 48 tuổi, công tác tại Khoa Truyền nhiễm, Bệnh viện Bắc Thăng Long. Từ ngày 13-19/5, anh tham gia kíp điều trị bệnh nhân Covid-19.</span></p>\r\n\r\n<p><span style=\"font-size:14px\">Sau kíp điều trị, anh H. được cách ly tại khu nhà nhân viên. Kết quả xét nghiệm lần 1 ngày 20/5 âm tính. Ngày 22/5, anh H. bắt đầu đau họng, ho khan, được bố trí cách ly phòng riêng. Sáng 23/5, anh được lấy mẫu xét nghiệm lại. Kết quả có lúc 0h ngày 24/5 khẳng định dương tính với SARS-CoV-2.</span></p>\r\n\r\n<p><span style=\"font-size:14px\">Bệnh viện đã chuyển bệnh nhân xuống khu điều trị cách ly tại Khoa Y học cổ truyền và Phục hồi chức năng để điều trị.</span></p>\r\n\r\n<p><span style=\"font-size:14px\">Qua xác minh ban đầu, có 11 nhân viên y tế tiếp xúc gần là F1.<br />\r\nTrường hợp thứ hai là bệnh nhân N.H.H., nam, 31 tuổi, địa chỉ tại A2001 The Zen, Thịnh Liệt, Hoàng Mai làm việc cùng tầng tại Công ty T&amp;T với bệnh nhân 5243 và là F1 của bệnh nhân này.</span></p>\r\n\r\n<p><span style=\"font-size:14px\">Trường hợp thứ ba là bệnh nhân T.H.K.H., nam, 25 tuổi, địa chỉ 32/42/185 Thịnh Liệt, Hoàng Mai làm việc cùng tầng tại công ty T&amp;T và là F1 của bệnh nhân 5316, tức F2 của 5243.</span></p>\r\n\r\n<p><span style=\"font-size:14px\">Trường hợp thứ tư là bệnh nhân T.T.Đ, nam, 31 tuổi, địa chỉ 3014CT1 Gelexia, Yên Sở, Hoàng Mai làm việc cùng tầng trong công ty T&amp;T với bệnh nhân 5243.</span></p>\r\n\r\n<p><span style=\"font-size:14px\">Cả 3 bệnh nhân ở T&amp;T được lấy mẫu và có kết quả xét nghiệm dương tính SARS-CoV-2 vào chiều 24/5.</span></p>\r\n\r\n<p><span style=\"font-size:14px\">Như vậy, liên quan đến chùm ca bệnh tại khu đô thị Times City, đến nay đã có 18 trường hợp mắc bệnh, bao gồm: 4 người trong gia đình (bệnh nhân 5224, 5237, 5242, 5243, sống tại Park 11, khu đô thị Times City) và 12 trường hợp là F1, 1 trường hợp F2 của ca bệnh 5243, đều làm việc trong công ty T&amp;T, đóng tại số 2 Phạm Sư Mạnh, quận Hoàn Kiếm, 1 trường hợp là F1 của bệnh nhân 5242.<br />\r\nThúy Hạnh</span></p>', 'yhEa6_nam-bac-si-bv-bac-thang-long-va-3-nguoi-o-t.jpg', 1, 0, 10, '2021-05-24 14:32:21', '2021-05-24 14:32:21'),
(19, 'Tối 26/5: Thêm 115 ca mắc COVID-19, riêng Bắc Giang và Bắc Ninh 103 ca', 'toi-26-5-them-115-ca-mac-covid-19-rieng-bac-giang-va-bac-ninh-103-ca', 'Tối 26/5: Thêm 115 ca mắc COVID-19, riêng Bắc Giang và Bắc Ninh 103 ca', 'Thái Bình', '<p><span style=\"color:#FF0000\"><span style=\"font-size:20px\">Tối 26/5: Thêm 115 ca mắc COVID-19, riêng Bắc Giang và Bắc Ninh 103 ca<br />\r\nSuckhoedoisong.vn - Bản tin tối 26/5 của Bộ Y tế cho biết có thêm 115 ca mắc COVID-19, trong đó riêng Bắc Giang 39 ca, Bắc Ninh 64 ca, Hà Nội 9 ca, Hải Dương 2 ca, Thái Nguyên 1 ca. Như vậy, trong ngày 26/5, cả nước ghi nhận thêm 235 ca mắc</span></span><br />\r\nThông tin diễn biến dịch COVID-19 ở Việt Nam:</p>\r\n\r\n<p>Tính từ 12h đến 18h ngày 26/5 có 115 ca mắc mới (BN5972-6086):</p>\r\n\r\n<p>- 0 ca cách ly ngay sau khi nhập cảnh.</p>\r\n\r\n<p>- 115 ca ghi nhận trong nước tại: Bắc Giang (39), Bắc Ninh (64), Hà Nội (9), Hải Dương (2), Thái Nguyên (1).</p>\r\n\r\n<p>- Trong ngày 26/5, Việt Nam ghi nhận thêm 235 ca mắc mới:</p>\r\n\r\n<p>+ 0 ca cách ly ngay sau khi nhập cảnh.</p>\r\n\r\n<p>+ 235 ca ghi nhận trong nước tại: Bắc Giang (121), Bắc Ninh (91), Hà Nội (15), Hải Dương (4), Thanh Hoá (1), Điện Biên (1), Bệnh viện Bệnh Nhiệt đới Trung ương cơ sở Đông Anh (1), Thái Nguyên (1).<br />\r\n&nbsp;</p>\r\n\r\n<p>Tính đến 18h ngày 26/5:</p>\r\n\r\n<p>- Việt Nam có tổng cộng 4.597 ca ghi nhận trong nước và 1.489 ca nhập cảnh.</p>\r\n\r\n<p>- Số lượng ca mắc mới tính từ ngày 27/4 đến nay: 3.027 ca.</p>\r\n\r\n<p>Số ca mắc COVID-19 trên thế giới tính đến 18h ngày 26/5</p>\r\n\r\n<p>- Cả thế giới có 168.564.288 ca mắc, trong đó 150.113.501 đã khỏi bệnh; 3.501.174 vong và 14.949.613 điều trị (95.413 ca diễn biến nặng).</p>\r\n\r\n<p>- Trong 12 giờ qua, số ca mắc của thế giới tăng 156.145 ca, tử vong tăng 2.856 ca.</p>\r\n\r\n<p>- Tại Đông Nam Á, trong ngày ghi nhận 13.490 ca, trong đó: Philippines tăng 5.310 ca, Indonesia tăng 5.034 ca, Thái Lan tăng 2.455 ca, Campuchia tăng 660 ca, Singapore tăng 26 ca, Lào tăng 5 ca.<br />\r\n&nbsp;<br />\r\n&nbsp;Thông tin chi tiết các ca mắc mới:</p>\r\n\r\n<p>- CA BỆNH BN5972-BN5977, BN5981, BN5991, BN5995 ghi nhận tại TP. Hà Nội: 6 ca liên quan dịch tễ đến ổ dịch cũ, 3 ca liên quan dịch tễ đến ổ dịch Công ty T&amp;T, đã được cách ly. Kết quả xét nghiệm ngày 25-26/5/2021 dương tính với SARS-CoV-2.</p>\r\n\r\n<p>- CA BỆNH BN5978, BN6005 ghi nhận tại TP. Hải Dương: là F1 BN5877 và F1 BN5279, đã được cách ly từ trước. Kết quả xét nghiệm ngày 26/5/2021 dương tính với SARS-CoV-2.<br />\r\n- CA BỆNH BN5999 ghi nhận tại tỉnh Thái Nguyên: nữ, 20 tuổi, địa chỉ tại thị xã Phổ Yên, tỉnh Thái Nguyên, đã được cách ly từ trước; liên quan dịch tễ đến ổ dịch TP. Bắc Ninh, tỉnh Bắc Ninh. Kết quả xét nghiệm ngày 26/5/2021 dương tính với SARS-CoV-2.</p>\r\n\r\n<p>- CA BỆNH BN5979-BN5980, BN5982-BN5990, BN5992-BN5994, BN5996-BN5997, BN6000-BN6004, BN6006-BN6048 ghi nhận tại tỉnh Bắc Ninh: 60 ca là F1 đã được cách ly từ trước, 1 ca liên quan dịch tễ với BN5156, 2 ca trong khu phong tỏa, 1 ca sàng lọc. Kết quả xét nghiệm ngày 26/5/2021 dương tính với SARS-CoV-2.</p>\r\n\r\n<p>- CA BỆNH BN5998, BN6049-BN6086 ghi nhận tại tỉnh Bắc Giang trong khu phong tỏa liên quan đến các khu công nghiệp. Kết quả xét nghiệm dương tính với SARS-CoV-2.</p>\r\n\r\n<p>Tình hình điều trị:</p>\r\n\r\n<p>- 59 ca được công bố khỏi bệnh: BN2945-BN2973-BN2949-BN2966-BN3003-BN3035-BN3037-BN3036-BN3007-BN2947-BN2944-BN3206-BN3133-BN3260-BN3012-BN3402-BN3119-BN3195-BN2895-BN2925-BN2926-BN3297-BN3548-BN2998-BN3188-BN3501-BN3552-BN3033-BN2961-BN3199-BN3141-BN3349-BN3057-BN3583-BN3102-BN3236-BN3093-BN3710-BN3071-BN3498-BN3181-BN3100-BN3398-BN3555-BN3461-BN3176-BN3397-BN3171-BN3396-BN3232-BN3123-BN3049-BN3077-BN3090-BN2986-BN2812-BN2832-BN2856-BN3239</p>\r\n\r\n<p>- Số ca âm tính với SARS-CoV-2:</p>\r\n\r\n<p>+ Lần 1: 111</p>\r\n\r\n<p>+ Lần 2: 40</p>\r\n\r\n<p>+ Lần 3: 67</p>\r\n\r\n<p>- Số ca tử vong: 45 ca.</p>\r\n\r\n<p>- Số ca điều trị khỏi: 2.853 ca.</p>', 'rjmNN_ca oi chieu 26.jpg', 1, 0, 10, '2021-05-26 14:35:44', '2021-05-26 14:35:44'),
(20, 'TP.HCM phong tỏa một khu vực tại huyện Hóc Môn và quận Phú Nhuận', 'tp-hcm-phong-toa-mot-khu-vuc-tai-huyen-hoc-mon-va-quan-phu-nhuan', 'TP.HCM phong tỏa một khu vực tại huyện Hóc Môn và quận Phú Nhuận', 'Thu Hằng', '<p><span style=\"color:#FF0000\"><span style=\"font-size:22px\"><u><strong>TP.HCM phong tỏa một khu vực tại huyện Hóc Môn và quận Phú Nhuận</strong></u></span></span><br />\r\nTP.HCM vừa phát hiện một ca nghi mắc Covid-19 ngụ huyện Hóc Môn, làm việc tại quận Phú Nhuận. Khu vực nơi ở và làm việc của người này đã được phong tỏa tạm thời.<br />\r\nTối 26/5, Trung tâm kiểm soát bệnh tật TP.HCM (HCDC) phát đi thông báo cho biết TP.HCM vừa phát hiện thêm một trường hợp nghi mắc Covid-19. Người này cư trú tại xã Thới Tam Thôn, huyện Hóc Môn.</p>\r\n\r\n<p>Cùng ngày, người này đi khám bệnh tại Bệnh viện Nhân dân Gia Định với triệu chứng đau họng, sốt và mất khứu giác. Vì có triệu chứng bệnh nên dù chưa có yếu tố dịch tễ, người này được chuyển khám sàng lọc và cách ly tạm thời, chờ kết quả xét nghiệm sàng lọc của bệnh viện.</p>\r\n\r\n<p>Kết quả xét nghiệm sàng lọc là nghi nhiễm Covid-19. Hiện trường hợp này đang chờ kết quả xét nghiệm khẳng định.<br />\r\nVới kết quả ban đầu, thành phố đã triển khai đội đáp ứng nhanh cùng Trung tâm Y tế huyện Hóc Môn xác định phạm vi phong tỏa tạm thời nơi người này ở để điều tra, truy vết, lấy mẫu xét nghiệm. Các mẫu tiếp xúc gần sẽ được lấy khẩn chuyển về phòng xét nghiệm thực hiện ngay trong đêm nay.</p>\r\n\r\n<p>Người này làm việc tại một công ty tại phường 10, quận Phú Nhuận. Trung tâm Y tế quận Phú Nhuận triển khai phong tỏa tạm thời tòa nhà nơi người này làm việc để điều tra truy vết, xác định các tiếp xúc nguy cơ tại toà nhà này. Các tiếp xúc gần nơi làm việc cũng sẽ thực hiện truy vết nhanh, chuyển cách ly và lấy mẫu xét nghiệm khẩn.</p>\r\n\r\n<p>Riêng tại Bệnh viện Nhân dân Gia Định sẽ được tiến hành khử khuẩn theo quy định. Do người này được sàng lọc, cách ly ngay từ khu khám sàng lọc, không vào bệnh viện nên không ảnh hưởng đến hoạt động của bệnh viện.</p>\r\n\r\n<p>Nguồn tin từ bệnh viện cho biết cơ sở này không bị phong tỏa. Ngày mai, người dân vẫn có thể đến khám bệnh bình thường. Ngành y tế của bệnh viện này đang tiến hành các biện pháp phòng chống dịch cần thiết như sát trùng, khử khuẩn, lấy mẫu xét nghiệm...<br />\r\nTừ 18/5 đến 20/5, TP.HCM ghi nhận 2 chuỗi lây nhiễm trong cộng đồng. Một chuỗi lây nhiễm tại công ty ở quận 3 với hai bệnh nhân là BN4514, BN4583. Kết quả giải mã bộ gen của vi rút cho thấy 2 bệnh nhân này có cùng một nguồn lây do biến chủng B.1.617.2 (biến chủng Ấn Độ).</p>\r\n\r\n<p>Chuỗi lây nhiễm tại một quán ăn ở quận 3 gồm các bệnh nhân: BN4780, BN4781, BN4782. Kết quả giải mã bộ gen virus trên BN4780 cho thấy người này nhiễm biến chủng B.1.1.7 (biến chủng Anh).</p>\r\n\r\n<p>Đây là lần đầu TP.HCM ghi nhận sự lây nhiễm trong cộng đồng. Cả hai biến chủng được cho là có khả năng lây lan nhanh.</p>\r\n\r\n<p>Chiều tối ngày 20/5, TP.HCM ghi nhận thêm một trường hợp nghi mắc Covid-19 tại quận Gò Vấp. Người này xét nghiệm lần đầu dương tính với nCoV, nhưng các lần xét nghiệm sau âm tính. Ngành y tế đã xử lý như một ca nhiễm.</p>\r\n\r\n<p>Trước diễn biến dịch phức tạp, ngày 21/5, UBND TP.HCM đã yêu cầu không phục vụ quá 20 khách trong nhà hàng. Người đứng đầu chính quyền thành phố yêu cầu tạm dừng các hoạt động, sự kiện tập trung trên 30 người trong một phòng, người dân không tụ tập quá 20 người ngoài công sở, trường học, bệnh viện và phải đảm bảo giãn cách tối thiểu 2 m.</p>', 'xCrS0_phong_zing.jpg', 1, 0, 10, '2021-05-26 16:00:52', '2021-05-26 16:00:52');

-- --------------------------------------------------------

--
-- Cấu trúc bảng cho bảng `users`
--

CREATE TABLE `users` (
  `id` int(10) UNSIGNED NOT NULL,
  `name` varchar(255) COLLATE utf8_unicode_ci NOT NULL,
  `email` varchar(255) COLLATE utf8_unicode_ci NOT NULL,
  `quyen` int(11) NOT NULL DEFAULT 0,
  `password` varchar(255) COLLATE utf8_unicode_ci NOT NULL,
  `remember_token` varchar(100) COLLATE utf8_unicode_ci DEFAULT NULL,
  `created_at` timestamp NULL DEFAULT NULL,
  `updated_at` timestamp NULL DEFAULT NULL
) ENGINE=InnoDB DEFAULT CHARSET=utf8 COLLATE=utf8_unicode_ci;

--
-- Đang đổ dữ liệu cho bảng `users`
--

INSERT INTO `users` (`id`, `name`, `email`, `quyen`, `password`, `remember_token`, `created_at`, `updated_at`) VALUES
(1, 'Hoàng Duy', 'duyhoangdinh281@gmail.com', 1, '$2y$10$58INtQ3kznh5EYYaO8kNmO4uUIug8.BT4KFGImlZyu89CN/ut75hm', NULL, NULL, '2021-05-24 12:17:44'),
(6, 'Duy', 'hduy@gmail.com', 0, '$2y$10$ewnwSCkGBIXN5D3fPtKYx.qqH1gRoBqn7SKMmPVqVSckAFMURFYZK', NULL, '2021-05-24 14:30:38', '2021-05-24 14:30:38'),
(7, 'Duy', 'duyadmin@gmail.com', 1, '$2y$10$3gGTPm9OFvqwLv5n1DuJPeSHyrIi15lJrSevuvKvYn.wfledEbVwK', NULL, '2021-05-26 14:33:53', '2021-05-26 14:33:53'),
(8, 'Duy', 'duy@gmail.com', 0, '$2y$10$MXAy0pZS.i9RqX2BDTrnzO0U9TFU5OWpsb/Ggz08NKCpRNpe/m.3y', NULL, '2021-05-26 15:58:41', '2021-05-26 15:58:41');

--
-- Chỉ mục cho các bảng đã đổ
--

--
-- Chỉ mục cho bảng `comment`
--
ALTER TABLE `comment`
  ADD PRIMARY KEY (`id`),
  ADD KEY `comment_iduser_foreign` (`idUser`),
  ADD KEY `comment_idtintuc_foreign` (`idTinTuc`);

--
-- Chỉ mục cho bảng `failed_jobs`
--
ALTER TABLE `failed_jobs`
  ADD PRIMARY KEY (`id`);

--
-- Chỉ mục cho bảng `loaitin`
--
ALTER TABLE `loaitin`
  ADD PRIMARY KEY (`id`),
  ADD KEY `loaitin_idtheloai_foreign` (`idTheLoai`);

--
-- Chỉ mục cho bảng `menu`
--
ALTER TABLE `menu`
  ADD PRIMARY KEY (`id`);

--
-- Chỉ mục cho bảng `password_resets`
--
ALTER TABLE `password_resets`
  ADD KEY `password_resets_email_index` (`email`),
  ADD KEY `password_resets_token_index` (`token`);

--
-- Chỉ mục cho bảng `slide`
--
ALTER TABLE `slide`
  ADD PRIMARY KEY (`id`);

--
-- Chỉ mục cho bảng `theloai`
--
ALTER TABLE `theloai`
  ADD PRIMARY KEY (`id`);

--
-- Chỉ mục cho bảng `tintuc`
--
ALTER TABLE `tintuc`
  ADD PRIMARY KEY (`id`),
  ADD KEY `tintuc_idloaitin_foreign` (`idLoaiTin`);

--
-- Chỉ mục cho bảng `users`
--
ALTER TABLE `users`
  ADD PRIMARY KEY (`id`),
  ADD UNIQUE KEY `users_email_unique` (`email`);

--
-- AUTO_INCREMENT cho các bảng đã đổ
--

--
-- AUTO_INCREMENT cho bảng `comment`
--
ALTER TABLE `comment`
  MODIFY `id` int(10) UNSIGNED NOT NULL AUTO_INCREMENT, AUTO_INCREMENT=15;

--
-- AUTO_INCREMENT cho bảng `failed_jobs`
--
ALTER TABLE `failed_jobs`
  MODIFY `id` bigint(20) UNSIGNED NOT NULL AUTO_INCREMENT;

--
-- AUTO_INCREMENT cho bảng `loaitin`
--
ALTER TABLE `loaitin`
  MODIFY `id` int(10) UNSIGNED NOT NULL AUTO_INCREMENT, AUTO_INCREMENT=24;

--
-- AUTO_INCREMENT cho bảng `menu`
--
ALTER TABLE `menu`
  MODIFY `id` int(10) UNSIGNED NOT NULL AUTO_INCREMENT, AUTO_INCREMENT=7;

--
-- AUTO_INCREMENT cho bảng `slide`
--
ALTER TABLE `slide`
  MODIFY `id` int(10) UNSIGNED NOT NULL AUTO_INCREMENT, AUTO_INCREMENT=5;

--
-- AUTO_INCREMENT cho bảng `theloai`
--
ALTER TABLE `theloai`
  MODIFY `id` int(10) UNSIGNED NOT NULL AUTO_INCREMENT, AUTO_INCREMENT=4;

--
-- AUTO_INCREMENT cho bảng `tintuc`
--
ALTER TABLE `tintuc`
  MODIFY `id` int(10) UNSIGNED NOT NULL AUTO_INCREMENT, AUTO_INCREMENT=21;

--
-- AUTO_INCREMENT cho bảng `users`
--
ALTER TABLE `users`
  MODIFY `id` int(10) UNSIGNED NOT NULL AUTO_INCREMENT, AUTO_INCREMENT=9;

--
-- Các ràng buộc cho các bảng đã đổ
--

--
-- Các ràng buộc cho bảng `comment`
--
ALTER TABLE `comment`
  ADD CONSTRAINT `comment_idtintuc_foreign` FOREIGN KEY (`idTinTuc`) REFERENCES `tintuc` (`id`),
  ADD CONSTRAINT `comment_iduser_foreign` FOREIGN KEY (`idUser`) REFERENCES `users` (`id`);

--
-- Các ràng buộc cho bảng `loaitin`
--
ALTER TABLE `loaitin`
  ADD CONSTRAINT `loaitin_idtheloai_foreign` FOREIGN KEY (`idTheLoai`) REFERENCES `theloai` (`id`);

--
-- Các ràng buộc cho bảng `tintuc`
--
ALTER TABLE `tintuc`
  ADD CONSTRAINT `tintuc_idloaitin_foreign` FOREIGN KEY (`idLoaiTin`) REFERENCES `loaitin` (`id`);
COMMIT;

/*!40101 SET CHARACTER_SET_CLIENT=@OLD_CHARACTER_SET_CLIENT */;
/*!40101 SET CHARACTER_SET_RESULTS=@OLD_CHARACTER_SET_RESULTS */;
/*!40101 SET COLLATION_CONNECTION=@OLD_COLLATION_CONNECTION */;
